incident_id,date_occurred,date_reported,business_unit,region,risk_category,sub_category,description,severity,financial_impact_eur,status,resolution_days,reported_by_role,control_failure,severity_score,reporting_lag_days,month,quarter,age_days,aging_bucket
NFR-2024826,2024-01-03,2024-01-09,Corporate Banking,RO,"Execution, Delivery & Process Management",Documentation Error,Documentation Error incident reported in HR unit.,Low,1396.67,Open,,IT Support,False,1,6,2024-01,2024Q1,988.0,90+ days
NFR-2024796,2024-01-04,2024-01-07,Hr,HU,External Fraud,Card Fraud,Card Fraud incident reported in Corporate Banking unit.,Low,590.94,Closed,56.0,Risk Officer,False,1,3,2024-01,2024Q1,56.0,31-90 days
NFR-2024325,2024-01-04,2024-01-10,Risk Management,HR,Business Disruption & System Failures,IT Outage,IT Outage incident reported in IT Operations unit.,Medium,3785.76,Closed,105.0,Customer Service Rep,True,2,6,2024-01,2024Q1,105.0,90+ days
NFR-2024724,2024-01-05,2024-01-08,Compliance,RS,Business Disruption & System Failures,IT Outage,IT Outage incident reported in Compliance unit.,High,102590.54,Closed,118.0,Risk Officer,True,3,3,2024-01,2024Q1,118.0,90+ days
NFR-2024486,2024-01-06,2024-01-14,Corporate Banking,HU,External Fraud,Cyber Theft,Cyber Theft incident reported in Corporate Banking unit.,Medium,10793.59,Closed,41.0,Branch Manager,True,2,8,2024-01,2024Q1,41.0,31-90 days
NFR-2024606,2024-01-08,2024-01-17,Risk Management,BG,"Execution, Delivery & Process Management",Data Entry Error,Data Entry Error incident reported in IT Operations unit.,Low,364.32,Closed,87.0,Team Lead,False,1,9,2024-01,2024Q1,87.0,31-90 days
NFR-2024400,2024-01-09,2024-01-10,Hr,BG,Damage to Physical Assets,Vandalism,Vandalism incident reported in IT Operations unit.,Low,226.05,Closed,92.0,Team Lead,False,1,1,2024-01,2024Q1,92.0,90+ days
NFR-2024455,2024-01-12,2024-01-22,Risk Management,HU,External Fraud,Card Fraud,Card Fraud incident reported in Payments unit.,Medium,6575.03,In Progress,,Customer Service Rep,False,2,10,2024-01,2024Q1,979.0,90+ days
NFR-2024291,2024-01-13,2024-01-20,Retail Banking,BG,Internal Fraud,Intentional Mis-reporting,Intentional Mis-reporting incident reported in Risk Management unit.,Medium,4591.1,Closed,64.0,Team Lead,False,2,7,2024-01,2024Q1,64.0,31-90 days
NFR-2024131,2024-01-13,2024-01-17,Corporate Banking,HU,Damage to Physical Assets,Vandalism,Vandalism incident reported in Treasury unit.,High,62909.87,Closed,100.0,IT Support,True,3,4,2024-01,2024Q1,100.0,90+ days
NFR-2024745,2024-01-14,2024-01-25,Corporate Banking,BG,"Execution, Delivery & Process Management",Data Entry Error,Data Entry Error incident reported in Compliance unit.,Low,695.05,Closed,112.0,Branch Manager,True,1,11,2024-01,2024Q1,112.0,90+ days
NFR-2024753,2024-01-14,2024-01-18,It Operations,RS,"Clients, Products & Business Practices",Mis-selling,Mis-selling incident reported in Treasury unit.,Low,733.17,Closed,44.0,IT Support,False,1,4,2024-01,2024Q1,44.0,31-90 days
NFR-2024589,2024-01-16,2024-01-27,Retail Banking,SK,"Execution, Delivery & Process Management",Data Entry Error,Data Entry Error incident reported in IT Operations unit.,Critical,194276.9,In Progress,,Customer Service Rep,False,4,11,2024-01,2024Q1,975.0,90+ days
NFR-2024596,2024-01-18,2024-01-25,Retail Banking,BG,"Execution, Delivery & Process Management",Failed Settlement,Failed Settlement incident reported in Payments unit.,Low,399.76,Open,,Branch Manager,True,1,7,2024-01,2024Q1,973.0,90+ days
NFR-2024221,2024-01-18,2024-01-24,Retail Banking,CZ,Business Disruption & System Failures,Network Failure,Network Failure incident reported in Retail Banking unit.,Low,624.88,Closed,69.0,Team Lead,True,1,6,2024-01,2024Q1,69.0,31-90 days
NFR-2024763,2024-01-20,2024-01-28,Retail Banking,RS,"Clients, Products & Business Practices",Suitability Breach,Suitability Breach incident reported in Retail Banking unit.,Medium,4048.75,Closed,64.0,IT Support,False,2,8,2024-01,2024Q1,64.0,31-90 days
NFR-2024743,2024-01-20,2024-01-24,Risk Management,AT,Damage to Physical Assets,Natural Disaster,Natural Disaster incident reported in IT Operations unit.,Medium,6783.08,Closed,116.0,Team Lead,False,2,4,2024-01,2024Q1,116.0,90+ days
NFR-2024887,2024-01-20,2024-01-28,Risk Management,BG,External Fraud,Cyber Theft,Cyber Theft incident reported in Retail Banking unit.,Low,396.52,Closed,96.0,Branch Manager,False,1,8,2024-01,2024Q1,96.0,90+ days
NFR-2024740,2024-01-21,2024-01-28,Compliance,CZ,Damage to Physical Assets,Natural Disaster,Natural Disaster incident reported in Corporate Banking unit.,Low,206.63,Closed,73.0,Customer Service Rep,False,1,7,2024-01,2024Q1,73.0,31-90 days
NFR-2024028,2024-01-21,2024-02-02,Retail Banking,RO,"Clients, Products & Business Practices",Suitability Breach,Suitability Breach incident reported in HR unit.,High,81186.37,Closed,62.0,Team Lead,False,3,12,2024-01,2024Q1,62.0,31-90 days
NFR-2024640,2024-01-23,2024-01-30,Hr,BG,"Clients, Products & Business Practices",Suitability Breach,Suitability Breach incident reported in IT Operations unit.,Low,1245.43,Closed,59.0,Compliance Officer,False,1,7,2024-01,2024Q1,59.0,31-90 days
NFR-2024813,2024-01-23,2024-01-29,It Operations,RS,"Execution, Delivery & Process Management",Failed Settlement,Failed Settlement incident reported in IT Operations unit.,Low,759.68,Closed,43.0,Risk Officer,False,1,6,2024-01,2024Q1,43.0,31-90 days
NFR-2024582,2024-01-25,2024-02-04,Payments,SK,"Execution, Delivery & Process Management",Failed Settlement,Failed Settlement incident reported in Compliance unit.,Low,961.82,Closed,13.0,Branch Manager,True,1,10,2024-01,2024Q1,13.0,8-30 days
NFR-2024254,2024-01-27,2024-02-08,Corporate Banking,SK,Internal Fraud,Misappropriation of Assets,Misappropriation of Assets incident reported in HR unit.,Medium,3852.49,Closed,98.0,IT Support,False,2,12,2024-01,2024Q1,98.0,90+ days
NFR-2024689,2024-01-30,2024-02-11,Retail Banking,AT,"Execution, Delivery & Process Management",Missed SLA,Missed SLA incident reported in Treasury unit.,Medium,3648.05,Open,,Team Lead,True,2,12,2024-01,2024Q1,961.0,90+ days
NFR-2024094,2024-01-30,2024-01-31,It Operations,RS,"Execution, Delivery & Process Management",Data Entry Error,Data Entry Error incident reported in Retail Banking unit.,High,49729.91,Open,,IT Support,False,3,1,2024-01,2024Q1,961.0,90+ days
NFR-2024438,2024-01-31,2024-02-03,Treasury,RO,"Execution, Delivery & Process Management",Missed SLA,Missed SLA incident reported in Compliance unit.,Low,803.53,In Progress,,Risk Officer,True,1,3,2024-01,2024Q1,960.0,90+ days
NFR-2024260,2024-02-02,2024-02-07,Treasury,RS,Employment Practices & Workplace Safety,Health & Safety Incident,Health & Safety Incident incident reported in Risk Management unit.,Medium,3298.49,Open,,Branch Manager,True,2,5,2024-02,2024Q1,958.0,90+ days
NFR-2024321,2024-02-04,2024-02-04,Payments,CZ,Business Disruption & System Failures,Network Failure,Network Failure incident reported in Corporate Banking unit.,Low,170.31,Closed,8.0,Compliance Officer,False,1,0,2024-02,2024Q1,8.0,8-30 days
NFR-2024261,2024-02-04,2024-02-07,Corporate Banking,HU,"Clients, Products & Business Practices",Mis-selling,Mis-selling incident reported in IT Operations unit.,Medium,17570.18,Closed,99.0,Team Lead,False,2,3,2024-02,2024Q1,99.0,90+ days
NFR-2024693,2024-02-04,2024-02-16,Hr,BG,External Fraud,Card Fraud,Card Fraud incident reported in Compliance unit.,Low,1581.93,In Progress,,Risk Officer,False,1,12,2024-02,2024Q1,956.0,90+ days
NFR-2024085,2024-02-07,2024-02-19,Compliance,AT,"Clients, Products & Business Practices",Suitability Breach,Suitability Breach incident reported in Compliance unit.,Medium,2187.1,Closed,37.0,Compliance Officer,False,2,12,2024-02,2024Q1,37.0,31-90 days
NFR-2024872,2024-02-07,2024-02-18,It Operations,RS,Internal Fraud,Unauthorized Transactions,Unauthorized Transactions incident reported in Retail Banking unit.,Low,1252.22,Closed,94.0,IT Support,True,1,11,2024-02,2024Q1,94.0,90+ days
NFR-2024301,2024-02-07,2024-02-14,Corporate Banking,AT,Business Disruption & System Failures,IT Outage,IT Outage incident reported in Corporate Banking unit.,Low,106.28,Closed,111.0,Branch Manager,False,1,7,2024-02,2024Q1,111.0,90+ days
NFR-2024444,2024-02-09,2024-02-17,Payments,RO,Internal Fraud,Unauthorized Transactions,Unauthorized Transactions incident reported in IT Operations unit.,Low,223.73,In Progress,,Risk Officer,False,1,8,2024-02,2024Q1,951.0,90+ days
NFR-2024466,2024-02-09,2024-02-10,Treasury,RS,Damage to Physical Assets,Natural Disaster,Natural Disaster incident reported in Compliance unit.,Low,602.26,Closed,73.0,Customer Service Rep,False,1,1,2024-02,2024Q1,73.0,31-90 days
NFR-2024451,2024-02-10,2024-02-21,Risk Management,RO,"Clients, Products & Business Practices",GDPR / Data Privacy Breach,GDPR / Data Privacy Breach incident reported in Treasury unit.,Medium,6292.34,Open,,Team Lead,False,2,11,2024-02,2024Q1,950.0,90+ days
NFR-2024568,2024-02-11,2024-02-14,Corporate Banking,RO,"Execution, Delivery & Process Management",Missed SLA,Missed SLA incident reported in Compliance unit.,Low,337.26,In Progress,,IT Support,False,1,3,2024-02,2024Q1,949.0,90+ days
NFR-2024722,2024-02-12,2024-02-15,Treasury,AT,"Execution, Delivery & Process Management",Data Entry Error,Data Entry Error incident reported in Retail Banking unit.,Medium,4410.6,Closed,40.0,IT Support,False,2,3,2024-02,2024Q1,40.0,31-90 days
NFR-2024219,2024-02-14,2024-02-18,Compliance,CZ,Damage to Physical Assets,Fire / Flood Damage,Fire / Flood Damage incident reported in Retail Banking unit.,Low,590.02,Closed,25.0,Customer Service Rep,False,1,4,2024-02,2024Q1,25.0,8-30 days
NFR-2024127,2024-02-17,2024-02-18,Retail Banking,HR,Business Disruption & System Failures,Third-Party Service Outage,Third-Party Service Outage incident reported in Payments unit.,Medium,7178.21,Closed,36.0,Customer Service Rep,False,2,1,2024-02,2024Q1,36.0,31-90 days
NFR-2024876,2024-02-17,2024-02-20,Compliance,CZ,Business Disruption & System Failures,Third-Party Service Outage,Third-Party Service Outage incident reported in Compliance unit.,Low,424.79,In Progress,,Team Lead,False,1,3,2024-02,2024Q1,943.0,90+ days
NFR-2024652,2024-02-20,2024-02-25,Hr,SK,Damage to Physical Assets,Natural Disaster,Natural Disaster incident reported in Retail Banking unit.,Medium,4962.13,Closed,28.0,Customer Service Rep,True,2,5,2024-02,2024Q1,28.0,8-30 days
NFR-2024886,2024-02-21,2024-03-03,It Operations,BG,Business Disruption & System Failures,Network Failure,Network Failure incident reported in IT Operations unit.,Medium,4437.21,Closed,82.0,Compliance Officer,False,2,11,2024-02,2024Q1,82.0,31-90 days
NFR-2024793,2024-02-22,2024-02-28,Corporate Banking,RS,Damage to Physical Assets,Vandalism,Vandalism incident reported in Treasury unit.,Low,299.06,Closed,63.0,Branch Manager,True,1,6,2024-02,2024Q1,63.0,31-90 days
NFR-2024504,2024-02-23,2024-03-04,It Operations,CZ,Internal Fraud,Unauthorized Transactions,Unauthorized Transactions incident reported in IT Operations unit.,Low,1032.48,Closed,28.0,IT Support,True,1,10,2024-02,2024Q1,28.0,8-30 days
NFR-2024742,2024-02-23,2024-03-04,It Operations,RS,"Clients, Products & Business Practices",GDPR / Data Privacy Breach,GDPR / Data Privacy Breach incident reported in IT Operations unit.,High,204310.59,In Progress,,Compliance Officer,False,3,10,2024-02,2024Q1,937.0,90+ days
NFR-2024456,2024-02-23,2024-03-03,Hr,HU,"Clients, Products & Business Practices",Suitability Breach,Suitability Breach incident reported in Payments unit.,Low,1962.47,Open,,Branch Manager,True,1,9,2024-02,2024Q1,937.0,90+ days
NFR-2024051,2024-02-27,2024-03-02,Treasury,RS,Internal Fraud,Unauthorized Transactions,Unauthorized Transactions incident reported in Treasury unit.,Low,1364.23,Closed,56.0,Risk Officer,False,1,4,2024-02,2024Q1,56.0,31-90 days
NFR-2024717,2024-03-01,2024-03-11,Retail Banking,AT,Damage to Physical Assets,Natural Disaster,Natural Disaster incident reported in HR unit.,Critical,147554.14,Closed,22.0,Team Lead,False,4,10,2024-03,2024Q1,22.0,8-30 days
NFR-2024373,2024-03-02,2024-03-10,Risk Management,SK,"Clients, Products & Business Practices",Suitability Breach,Suitability Breach incident reported in IT Operations unit.,Medium,12762.76,In Progress,,Branch Manager,False,2,8,2024-03,2024Q1,929.0,90+ days
NFR-2024523,2024-03-02,2024-03-12,Treasury,AT,Internal Fraud,Misappropriation of Assets,Misappropriation of Assets incident reported in HR unit.,Low,2225.4,Open,,Team Lead,False,1,10,2024-03,2024Q1,929.0,90+ days
NFR-2024062,2024-03-03,2024-03-10,Corporate Banking,BG,"Clients, Products & Business Practices",Suitability Breach,Suitability Breach incident reported in Corporate Banking unit.,Critical,451665.84,Closed,55.0,Risk Officer,True,4,7,2024-03,2024Q1,55.0,31-90 days
NFR-2024861,2024-03-03,2024-03-07,Corporate Banking,RO,"Execution, Delivery & Process Management",Failed Settlement,Failed Settlement incident reported in Corporate Banking unit.,Low,697.21,Closed,119.0,Customer Service Rep,True,1,4,2024-03,2024Q1,119.0,90+ days
NFR-2024167,2024-03-04,2024-03-16,Payments,HR,"Execution, Delivery & Process Management",Failed Settlement,Failed Settlement incident reported in Corporate Banking unit.,Low,560.56,Closed,17.0,Branch Manager,True,1,12,2024-03,2024Q1,17.0,8-30 days
NFR-2024448,2024-03-06,2024-03-14,Corporate Banking,BG,"Clients, Products & Business Practices",Mis-selling,Mis-selling incident reported in IT Operations unit.,High,58599.76,Closed,61.0,Customer Service Rep,False,3,8,2024-03,2024Q1,61.0,31-90 days
NFR-2024897,2024-03-08,2024-03-18,Compliance,BG,Damage to Physical Assets,Fire / Flood Damage,Fire / Flood Damage incident reported in Retail Banking unit.,Medium,7165.51,Open,,IT Support,False,2,10,2024-03,2024Q1,923.0,90+ days
NFR-2024138,2024-03-09,2024-03-13,Corporate Banking,HR,Business Disruption & System Failures,Third-Party Service Outage,Third-Party Service Outage incident reported in Treasury unit.,Medium,5187.12,Open,,IT Support,False,2,4,2024-03,2024Q1,922.0,90+ days
NFR-2024088,2024-03-09,2024-03-12,Compliance,AT,"Execution, Delivery & Process Management",Documentation Error,Documentation Error incident reported in Risk Management unit.,Low,1043.42,Closed,47.0,Branch Manager,False,1,3,2024-03,2024Q1,47.0,31-90 days
NFR-2024083,2024-03-10,2024-03-18,Retail Banking,BG,Internal Fraud,Intentional Mis-reporting,Intentional Mis-reporting incident reported in HR unit.,Critical,219926.17,Closed,101.0,Customer Service Rep,True,4,8,2024-03,2024Q1,101.0,90+ days
NFR-2024323,2024-03-12,2024-03-19,Hr,BG,"Execution, Delivery & Process Management",Missed SLA,Missed SLA incident reported in HR unit.,Low,221.82,Closed,26.0,Compliance Officer,False,1,7,2024-03,2024Q1,26.0,8-30 days
NFR-2024874,2024-03-15,2024-03-20,Corporate Banking,HU,"Clients, Products & Business Practices",Mis-selling,Mis-selling incident reported in Compliance unit.,Medium,3105.08,Closed,28.0,Team Lead,False,2,5,2024-03,2024Q1,28.0,8-30 days
NFR-2024224,2024-03-15,2024-03-19,Corporate Banking,BG,"Execution, Delivery & Process Management",Documentation Error,Documentation Error incident reported in Compliance unit.,Medium,1646.55,Closed,33.0,Branch Manager,True,2,4,2024-03,2024Q1,33.0,31-90 days
NFR-2024506,2024-03-17,2024-03-25,Risk Management,HU,Business Disruption & System Failures,Network Failure,Network Failure incident reported in Treasury unit.,High,53600.51,Closed,39.0,Team Lead,False,3,8,2024-03,2024Q1,39.0,31-90 days
NFR-2024494,2024-03-19,2024-03-30,Corporate Banking,AT,Employment Practices & Workplace Safety,Discrimination Claim,Discrimination Claim incident reported in IT Operations unit.,Medium,5580.96,In Progress,,Branch Manager,False,2,11,2024-03,2024Q1,912.0,90+ days
NFR-2024132,2024-03-19,2024-03-24,Payments,BG,"Clients, Products & Business Practices",GDPR / Data Privacy Breach,GDPR / Data Privacy Breach incident reported in Payments unit.,Medium,6657.46,In Progress,,Branch Manager,False,2,5,2024-03,2024Q1,912.0,90+ days
NFR-2024590,2024-03-19,2024-03-23,Risk Management,HR,Business Disruption & System Failures,IT Outage,IT Outage incident reported in Payments unit.,Medium,4600.18,Closed,27.0,IT Support,False,2,4,2024-03,2024Q1,27.0,8-30 days
NFR-2024711,2024-03-19,2024-03-30,Payments,SK,External Fraud,Phishing / Social Engineering,Phishing / Social Engineering incident reported in Risk Management unit.,Medium,7290.47,Open,,Team Lead,True,2,11,2024-03,2024Q1,912.0,90+ days
NFR-2024314,2024-03-21,2024-03-29,Payments,CZ,"Execution, Delivery & Process Management",Missed SLA,Missed SLA incident reported in IT Operations unit.,Medium,16713.81,Closed,12.0,Team Lead,False,2,8,2024-03,2024Q1,12.0,8-30 days
NFR-2024206,2024-03-21,2024-03-28,Risk Management,BG,"Clients, Products & Business Practices",GDPR / Data Privacy Breach,GDPR / Data Privacy Breach incident reported in Corporate Banking unit.,High,58599.76,Closed,74.0,Branch Manager,False,3,7,2024-03,2024Q1,74.0,31-90 days
NFR-2024340,2024-03-23,2024-04-01,Retail Banking,HR,Damage to Physical Assets,Natural Disaster,Natural Disaster incident reported in Corporate Banking unit.,High,39912.31,Closed,95.0,Branch Manager,False,3,9,2024-03,2024Q1,95.0,90+ days
NFR-2024868,2024-03-26,2024-03-26,Risk Management,HR,"Clients, Products & Business Practices",Mis-selling,Mis-selling incident reported in Corporate Banking unit.,Medium,6468.75,Closed,65.0,Compliance Officer,False,2,0,2024-03,2024Q1,65.0,31-90 days
NFR-2024621,2024-03-26,2024-03-28,Risk Management,HU,External Fraud,Phishing / Social Engineering,Phishing / Social Engineering incident reported in Risk Management unit.,Medium,7066.0,Closed,108.0,IT Support,False,2,2,2024-03,2024Q1,108.0,90+ days
NFR-2024498,2024-03-27,2024-04-04,Hr,BG,Internal Fraud,Misappropriation of Assets,Misappropriation of Assets incident reported in IT Operations unit.,Medium,3136.64,Closed,20.0,IT Support,False,2,8,2024-03,2024Q1,20.0,8-30 days
NFR-2024737,2024-03-28,2024-03-28,Retail Banking,CZ,Business Disruption & System Failures,IT Outage,IT Outage incident reported in Compliance unit.,High,34887.23,Open,,Risk Officer,True,3,0,2024-03,2024Q1,903.0,90+ days
NFR-2024446,2024-03-28,2024-04-02,Hr,BG,"Execution, Delivery & Process Management",Documentation Error,Documentation Error incident reported in Retail Banking unit.,Low,368.46,Closed,55.0,Risk Officer,True,1,5,2024-03,2024Q1,55.0,31-90 days
NFR-2024769,2024-03-29,2024-04-09,It Operations,BG,"Clients, Products & Business Practices",Mis-selling,Mis-selling incident reported in Treasury unit.,Low,430.51,In Progress,,Compliance Officer,True,1,11,2024-03,2024Q1,902.0,90+ days
NFR-2024309,2024-04-02,2024-04-05,Retail Banking,SK,"Clients, Products & Business Practices",Suitability Breach,Suitability Breach incident reported in IT Operations unit.,Medium,5352.73,Closed,114.0,Risk Officer,True,2,3,2024-04,2024Q2,114.0,90+ days
NFR-2024708,2024-04-02,2024-04-13,Hr,SK,Business Disruption & System Failures,IT Outage,IT Outage incident reported in Compliance unit.,Low,129.67,Closed,113.0,Branch Manager,False,1,11,2024-04,2024Q2,113.0,90+ days
NFR-2024789,2024-04-03,2024-04-14,Corporate Banking,RO,"Execution, Delivery & Process Management",Failed Settlement,Failed Settlement incident reported in IT Operations unit.,Medium,5670.75,Closed,44.0,IT Support,False,2,11,2024-04,2024Q2,44.0,31-90 days
NFR-2024746,2024-04-03,2024-04-03,Payments,CZ,External Fraud,Card Fraud,Card Fraud incident reported in Payments unit.,Medium,6788.24,Closed,88.0,Compliance Officer,False,2,0,2024-04,2024Q2,88.0,31-90 days
NFR-2024801,2024-04-04,2024-04-13,Treasury,BG,Damage to Physical Assets,Natural Disaster,Natural Disaster incident reported in Treasury unit.,Low,121.83,Open,,Risk Officer,False,1,9,2024-04,2024Q2,896.0,90+ days
NFR-2024075,2024-04-06,2024-04-14,It Operations,SK,Business Disruption & System Failures,Network Failure,Network Failure incident reported in Treasury unit.,Low,931.23,Closed,37.0,Customer Service Rep,False,1,8,2024-04,2024Q2,37.0,31-90 days
NFR-2024873,2024-04-08,2024-04-09,Retail Banking,HU,Business Disruption & System Failures,IT Outage,IT Outage incident reported in Retail Banking unit.,Medium,5132.56,Closed,55.0,Compliance Officer,False,2,1,2024-04,2024Q2,55.0,31-90 days
NFR-2024573,2024-04-09,2024-04-13,Compliance,CZ,Business Disruption & System Failures,IT Outage,IT Outage incident reported in Retail Banking unit.,Low,767.8,Closed,89.0,Team Lead,False,1,4,2024-04,2024Q2,89.0,31-90 days
NFR-2024848,2024-04-09,2024-04-09,Hr,RO,Business Disruption & System Failures,IT Outage,IT Outage incident reported in Risk Management unit.,Low,1537.06,In Progress,,Branch Manager,False,1,0,2024-04,2024Q2,891.0,90+ days
NFR-2024360,2024-04-11,2024-04-14,Risk Management,SK,"Execution, Delivery & Process Management",Data Entry Error,Data Entry Error incident reported in Corporate Banking unit.,Critical,240396.63,Closed,109.0,Compliance Officer,False,4,3,2024-04,2024Q2,109.0,90+ days
NFR-2024183,2024-04-13,2024-04-25,Compliance,RO,Internal Fraud,Unauthorized Transactions,Unauthorized Transactions incident reported in Risk Management unit.,Medium,5755.31,In Progress,,Risk Officer,True,2,12,2024-04,2024Q2,887.0,90+ days
NFR-2024774,2024-04-16,2024-04-25,Treasury,HR,Damage to Physical Assets,Fire / Flood Damage,Fire / Flood Damage incident reported in Compliance unit.,Low,1619.27,Open,,Team Lead,False,1,9,2024-04,2024Q2,884.0,90+ days
NFR-2024841,2024-04-19,2024-04-24,Treasury,CZ,Internal Fraud,Intentional Mis-reporting,Intentional Mis-reporting incident reported in Compliance unit.,Low,1102.47,In Progress,,Team Lead,False,1,5,2024-04,2024Q2,881.0,90+ days
NFR-2024098,2024-04-20,2024-04-26,It Operations,RS,Employment Practices & Workplace Safety,Employee Relations Dispute,Employee Relations Dispute incident reported in HR unit.,Low,174.21,Open,,IT Support,False,1,6,2024-04,2024Q2,880.0,90+ days
NFR-2024719,2024-04-20,2024-04-25,Treasury,BG,Internal Fraud,Misappropriation of Assets,Misappropriation of Assets incident reported in Treasury unit.,High,54208.22,Closed,76.0,Compliance Officer,False,3,5,2024-04,2024Q2,76.0,31-90 days
NFR-2024334,2024-04-22,2024-04-27,Payments,HU,Business Disruption & System Failures,Network Failure,Network Failure incident reported in Payments unit.,Low,173.57,In Progress,,Branch Manager,False,1,5,2024-04,2024Q2,878.0,90+ days
NFR-2024561,2024-04-23,2024-04-26,Retail Banking,HU,Business Disruption & System Failures,IT Outage,IT Outage incident reported in Corporate Banking unit.,Medium,7059.17,Open,,Compliance Officer,True,2,3,2024-04,2024Q2,877.0,90+ days
NFR-2024204,2024-04-25,2024-05-01,It Operations,AT,External Fraud,Phishing / Social Engineering,Phishing / Social Engineering incident reported in Payments unit.,High,49377.22,Closed,9.0,Customer Service Rep,False,3,6,2024-04,2024Q2,9.0,8-30 days
NFR-2024262,2024-04-25,2024-04-28,Retail Banking,RO,Internal Fraud,Intentional Mis-reporting,Intentional Mis-reporting incident reported in HR unit.,Low,469.45,Closed,42.0,IT Support,False,1,3,2024-04,2024Q2,42.0,31-90 days
NFR-2024306,2024-04-25,2024-04-30,Treasury,HR,"Clients, Products & Business Practices",Mis-selling,Mis-selling incident reported in Treasury unit.,Low,709.7,Closed,109.0,Customer Service Rep,False,1,5,2024-04,2024Q2,109.0,90+ days
NFR-2024356,2024-04-26,2024-05-02,Corporate Banking,AT,Damage to Physical Assets,Fire / Flood Damage,Fire / Flood Damage incident reported in IT Operations unit.,Medium,6282.96,Closed,10.0,Compliance Officer,False,2,6,2024-04,2024Q2,10.0,8-30 days
NFR-2024021,2024-04-28,2024-05-02,It Operations,RS,"Execution, Delivery & Process Management",Missed SLA,Missed SLA incident reported in Compliance unit.,High,43594.32,In Progress,,Team Lead,False,3,4,2024-04,2024Q2,872.0,90+ days
NFR-2024141,2024-04-30,2024-05-03,Treasury,SK,Internal Fraud,Intentional Mis-reporting,Intentional Mis-reporting incident reported in HR unit.,Low,631.46,In Progress,,Compliance Officer,True,1,3,2024-04,2024Q2,870.0,90+ days
NFR-2024099,2024-05-01,2024-05-03,Compliance,HR,Employment Practices & Workplace Safety,Employee Relations Dispute,Employee Relations Dispute incident reported in Compliance unit.,Medium,5327.11,Closed,51.0,Team Lead,False,2,2,2024-05,2024Q2,51.0,31-90 days
NFR-2024605,2024-05-01,2024-05-06,Compliance,CZ,Damage to Physical Assets,Natural Disaster,Natural Disaster incident reported in Retail Banking unit.,Medium,8404.63,Closed,115.0,Compliance Officer,True,2,5,2024-05,2024Q2,115.0,90+ days
NFR-2024069,2024-05-02,2024-05-02,Treasury,HU,"Execution, Delivery & Process Management",Missed SLA,Missed SLA incident reported in Compliance unit.,Low,600.28,Closed,56.0,Customer Service Rep,False,1,0,2024-05,2024Q2,56.0,31-90 days
NFR-2024342,2024-05-05,2024-05-12,It Operations,HR,"Clients, Products & Business Practices",Suitability Breach,Suitability Breach incident reported in Corporate Banking unit.,Medium,3485.99,Closed,87.0,Risk Officer,True,2,7,2024-05,2024Q2,87.0,31-90 days
NFR-2024567,2024-05-05,2024-05-11,Compliance,AT,Business Disruption & System Failures,Network Failure,Network Failure incident reported in Treasury unit.,High,48001.1,Closed,73.0,IT Support,False,3,6,2024-05,2024Q2,73.0,31-90 days
NFR-2024485,2024-05-08,2024-05-09,Treasury,AT,Business Disruption & System Failures,Network Failure,Network Failure incident reported in Risk Management unit.,Low,623.96,In Progress,,Customer Service Rep,True,1,1,2024-05,2024Q2,862.0,90+ days
NFR-2024316,2024-05-09,2024-05-17,It Operations,RO,Internal Fraud,Misappropriation of Assets,Misappropriation of Assets incident reported in IT Operations unit.,Medium,2201.2,Open,,Risk Officer,False,2,8,2024-05,2024Q2,861.0,90+ days
NFR-2024061,2024-05-09,2024-05-20,Corporate Banking,HR,Internal Fraud,Unauthorized Transactions,Unauthorized Transactions incident reported in Corporate Banking unit.,Low,469.26,Closed,15.0,Team Lead,True,1,11,2024-05,2024Q2,15.0,8-30 days
NFR-2024805,2024-05-09,2024-05-21,Corporate Banking,HR,External Fraud,Cyber Theft,Cyber Theft incident reported in Corporate Banking unit.,High,82874.75,Open,,Compliance Officer,True,3,12,2024-05,2024Q2,861.0,90+ days
NFR-2024531,2024-05-12,2024-05-19,Compliance,RS,"Clients, Products & Business Practices",Suitability Breach,Suitability Breach incident reported in IT Operations unit.,High,111790.01,Closed,109.0,Risk Officer,False,3,7,2024-05,2024Q2,109.0,90+ days
NFR-2024164,2024-05-13,2024-05-16,Compliance,RS,Damage to Physical Assets,Natural Disaster,Natural Disaster incident reported in Compliance unit.,Low,386.59,In Progress,,Branch Manager,False,1,3,2024-05,2024Q2,857.0,90+ days
NFR-2024618,2024-05-14,2024-05-25,Corporate Banking,RS,Internal Fraud,Misappropriation of Assets,Misappropriation of Assets incident reported in Treasury unit.,Medium,1819.42,Closed,111.0,Compliance Officer,True,2,11,2024-05,2024Q2,111.0,90+ days
NFR-2024734,2024-05-16,2024-05-27,Payments,HU,Employment Practices & Workplace Safety,Health & Safety Incident,Health & Safety Incident incident reported in Compliance unit.,Medium,12447.99,Closed,32.0,Compliance Officer,False,2,11,2024-05,2024Q2,32.0,31-90 days
NFR-2024312,2024-05-19,2024-05-19,Hr,RS,"Clients, Products & Business Practices",Suitability Breach,Suitability Breach incident reported in Risk Management unit.,Low,715.31,Open,,Compliance Officer,False,1,0,2024-05,2024Q2,851.0,90+ days
NFR-2024834,2024-05-20,2024-05-31,Hr,RO,Internal Fraud,Misappropriation of Assets,Misappropriation of Assets incident reported in HR unit.,Medium,3903.2,In Progress,,Customer Service Rep,True,2,11,2024-05,2024Q2,850.0,90+ days
NFR-2024081,2024-05-22,2024-06-03,Retail Banking,AT,"Execution, Delivery & Process Management",Documentation Error,Documentation Error incident reported in Treasury unit.,Medium,6011.1,Closed,58.0,Team Lead,False,2,12,2024-05,2024Q2,58.0,31-90 days
NFR-2024350,2024-05-22,2024-05-31,Payments,HR,"Clients, Products & Business Practices",Suitability Breach,Suitability Breach incident reported in HR unit.,High,34163.44,Closed,19.0,IT Support,False,3,9,2024-05,2024Q2,19.0,8-30 days
NFR-2024163,2024-05-25,2024-06-05,Retail Banking,RS,"Clients, Products & Business Practices",Mis-selling,Mis-selling incident reported in Compliance unit.,Critical,472634.6,In Progress,,Team Lead,True,4,11,2024-05,2024Q2,845.0,90+ days
NFR-2024288,2024-05-25,2024-06-01,Corporate Banking,CZ,Internal Fraud,Intentional Mis-reporting,Intentional Mis-reporting incident reported in Treasury unit.,Medium,4249.26,Closed,58.0,Branch Manager,True,2,7,2024-05,2024Q2,58.0,31-90 days
NFR-2024758,2024-05-27,2024-05-31,Hr,BG,Internal Fraud,Misappropriation of Assets,Misappropriation of Assets incident reported in Treasury unit.,Low,457.51,Open,,Risk Officer,False,1,4,2024-05,2024Q2,843.0,90+ days
NFR-2024788,2024-05-29,2024-06-10,It Operations,BG,Internal Fraud,Intentional Mis-reporting,Intentional Mis-reporting incident reported in Compliance unit.,High,32355.19,Closed,48.0,IT Support,False,3,12,2024-05,2024Q2,48.0,31-90 days
NFR-2024385,2024-05-29,2024-05-29,It Operations,BG,"Clients, Products & Business Practices",Mis-selling,Mis-selling incident reported in Compliance unit.,Low,891.57,In Progress,,Branch Manager,True,1,0,2024-05,2024Q2,841.0,90+ days
NFR-2024292,2024-05-31,2024-05-31,Treasury,RO,Damage to Physical Assets,Natural Disaster,Natural Disaster incident reported in Corporate Banking unit.,Low,225.53,Closed,5.0,Risk Officer,True,1,0,2024-05,2024Q2,5.0,0-7 days
NFR-2024169,2024-06-01,2024-06-01,Payments,BG,Employment Practices & Workplace Safety,Health & Safety Incident,Health & Safety Incident incident reported in Risk Management unit.,Low,266.98,Closed,79.0,Risk Officer,False,1,0,2024-06,2024Q2,79.0,31-90 days
NFR-2024100,2024-06-01,2024-06-10,Compliance,HR,"Execution, Delivery & Process Management",Documentation Error,Documentation Error incident reported in IT Operations unit.,Medium,6081.48,Closed,18.0,Team Lead,False,2,9,2024-06,2024Q2,18.0,8-30 days
NFR-2024205,2024-06-01,2024-06-09,Retail Banking,SK,Business Disruption & System Failures,Third-Party Service Outage,Third-Party Service Outage incident reported in Risk Management unit.,Medium,2114.08,Closed,79.0,Risk Officer,True,2,8,2024-06,2024Q2,79.0,31-90 days
NFR-2024518,2024-06-01,2024-06-13,Treasury,BG,Internal Fraud,Unauthorized Transactions,Unauthorized Transactions incident reported in Corporate Banking unit.,High,363069.31,Closed,41.0,IT Support,True,3,12,2024-06,2024Q2,41.0,31-90 days
NFR-2024696,2024-06-04,2024-06-13,Retail Banking,HR,Employment Practices & Workplace Safety,Employee Relations Dispute,Employee Relations Dispute incident reported in Treasury unit.,Medium,4331.23,Closed,68.0,Risk Officer,False,2,9,2024-06,2024Q2,68.0,31-90 days
NFR-2024156,2024-06-05,2024-06-09,Corporate Banking,HU,Business Disruption & System Failures,Third-Party Service Outage,Third-Party Service Outage incident reported in Treasury unit.,Medium,5317.04,Open,,Customer Service Rep,False,2,4,2024-06,2024Q2,834.0,90+ days
NFR-2024529,2024-06-05,2024-06-14,Corporate Banking,SK,Damage to Physical Assets,Fire / Flood Damage,Fire / Flood Damage incident reported in IT Operations unit.,Low,2385.2,Closed,64.0,Branch Manager,False,1,9,2024-06,2024Q2,64.0,31-90 days
NFR-2024006,2024-06-05,2024-06-15,Hr,RS,Internal Fraud,Unauthorized Transactions,Unauthorized Transactions incident reported in Risk Management unit.,High,140920.89,In Progress,,Branch Manager,False,3,10,2024-06,2024Q2,834.0,90+ days
NFR-2024852,2024-06-06,2024-06-12,Payments,SK,Internal Fraud,Unauthorized Transactions,Unauthorized Transactions incident reported in Compliance unit.,Low,801.61,Open,,Team Lead,False,1,6,2024-06,2024Q2,833.0,90+ days
NFR-2024058,2024-06-07,2024-06-13,Risk Management,RO,"Clients, Products & Business Practices",Suitability Breach,Suitability Breach incident reported in Compliance unit.,Medium,4144.73,Closed,107.0,Risk Officer,False,2,6,2024-06,2024Q2,107.0,90+ days
NFR-2024736,2024-06-08,2024-06-18,Payments,HR,Business Disruption & System Failures,Third-Party Service Outage,Third-Party Service Outage incident reported in Treasury unit.,Medium,8465.96,Closed,101.0,Team Lead,False,2,10,2024-06,2024Q2,101.0,90+ days
NFR-2024803,2024-06-08,2024-06-10,Compliance,RO,External Fraud,Card Fraud,Card Fraud incident reported in Risk Management unit.,Low,480.79,In Progress,,Risk Officer,True,1,2,2024-06,2024Q2,831.0,90+ days
NFR-2024406,2024-06-09,2024-06-20,Risk Management,BG,"Execution, Delivery & Process Management",Failed Settlement,Failed Settlement incident reported in Corporate Banking unit.,High,28581.48,In Progress,,Risk Officer,True,3,11,2024-06,2024Q2,830.0,90+ days
NFR-2024067,2024-06-10,2024-06-15,Compliance,CZ,"Clients, Products & Business Practices",GDPR / Data Privacy Breach,GDPR / Data Privacy Breach incident reported in Treasury unit.,Medium,2782.02,In Progress,,Customer Service Rep,True,2,5,2024-06,2024Q2,829.0,90+ days
NFR-2024863,2024-06-11,2024-06-11,Hr,SK,Business Disruption & System Failures,Network Failure,Network Failure incident reported in HR unit.,Low,326.37,In Progress,,IT Support,True,1,0,2024-06,2024Q2,828.0,90+ days
NFR-2024195,2024-06-11,2024-06-11,Corporate Banking,RS,External Fraud,Card Fraud,Card Fraud incident reported in HR unit.,Medium,6086.77,Closed,100.0,Branch Manager,True,2,0,2024-06,2024Q2,100.0,90+ days
NFR-2024896,2024-06-11,2024-06-13,Compliance,HU,Employment Practices & Workplace Safety,Employee Relations Dispute,Employee Relations Dispute incident reported in HR unit.,High,74585.53,Closed,5.0,IT Support,False,3,2,2024-06,2024Q2,5.0,0-7 days
NFR-2024643,2024-06-12,2024-06-17,Hr,BG,"Execution, Delivery & Process Management",Missed SLA,Missed SLA incident reported in Risk Management unit.,Low,1224.73,Open,,Branch Manager,False,1,5,2024-06,2024Q2,827.0,90+ days
NFR-2024002,2024-06-12,2024-06-23,Treasury,HR,Employment Practices & Workplace Safety,Discrimination Claim,Discrimination Claim incident reported in HR unit.,Medium,8697.21,Closed,36.0,Customer Service Rep,False,2,11,2024-06,2024Q2,36.0,31-90 days
NFR-2024891,2024-06-14,2024-06-24,Risk Management,SK,External Fraud,Card Fraud,Card Fraud incident reported in Payments unit.,Low,577.17,Open,,IT Support,False,1,10,2024-06,2024Q2,825.0,90+ days
NFR-2024499,2024-06-14,2024-06-16,Retail Banking,HU,"Clients, Products & Business Practices",Suitability Breach,Suitability Breach incident reported in IT Operations unit.,High,58599.76,Closed,56.0,Customer Service Rep,True,3,2,2024-06,2024Q2,56.0,31-90 days
NFR-2024850,2024-06-17,2024-06-17,Retail Banking,HU,Employment Practices & Workplace Safety,Health & Safety Incident,Health & Safety Incident incident reported in Treasury unit.,Medium,3215.53,Closed,81.0,Branch Manager,False,2,0,2024-06,2024Q2,81.0,31-90 days
NFR-2024345,2024-06-19,2024-06-28,It Operations,SK,External Fraud,Phishing / Social Engineering,Phishing / Social Engineering incident reported in Treasury unit.,Low,471.65,Closed,92.0,IT Support,False,1,9,2024-06,2024Q2,92.0,90+ days
NFR-2024564,2024-06-20,2024-07-02,Corporate Banking,HR,Employment Practices & Workplace Safety,Discrimination Claim,Discrimination Claim incident reported in Compliance unit.,Medium,4891.84,Open,,Branch Manager,False,2,12,2024-06,2024Q2,819.0,90+ days
NFR-2024422,2024-06-21,2024-07-03,Hr,BG,External Fraud,Card Fraud,Card Fraud incident reported in Risk Management unit.,Low,845.81,In Progress,,Branch Manager,False,1,12,2024-06,2024Q2,818.0,90+ days
NFR-2024202,2024-06-23,2024-06-28,It Operations,CZ,"Execution, Delivery & Process Management",Failed Settlement,Failed Settlement incident reported in Compliance unit.,Medium,2899.93,Closed,57.0,Compliance Officer,True,2,5,2024-06,2024Q2,57.0,31-90 days
NFR-2024750,2024-06-23,2024-06-23,Risk Management,HR,Business Disruption & System Failures,IT Outage,IT Outage incident reported in HR unit.,Low,345.01,Closed,53.0,Compliance Officer,True,1,0,2024-06,2024Q2,53.0,31-90 days
NFR-2024894,2024-06-24,2024-06-26,Compliance,SK,External Fraud,Card Fraud,Card Fraud incident reported in HR unit.,Medium,12017.24,In Progress,,Branch Manager,False,2,2,2024-06,2024Q2,815.0,90+ days
NFR-2024791,2024-06-26,2024-06-27,It Operations,HU,"Execution, Delivery & Process Management",Documentation Error,Documentation Error incident reported in Compliance unit.,Medium,1981.93,Closed,113.0,Compliance Officer,False,2,1,2024-06,2024Q2,113.0,90+ days
NFR-2024174,2024-06-27,2024-07-08,Compliance,SK,Business Disruption & System Failures,Network Failure,Network Failure incident reported in IT Operations unit.,Medium,18994.3,Closed,89.0,Team Lead,True,2,11,2024-06,2024Q2,89.0,31-90 days
NFR-2024772,2024-06-27,2024-07-06,Compliance,SK,Business Disruption & System Failures,Third-Party Service Outage,Third-Party Service Outage incident reported in Risk Management unit.,Low,678.6,Closed,60.0,Compliance Officer,True,1,9,2024-06,2024Q2,60.0,31-90 days
NFR-2024404,2024-06-27,2024-07-05,Corporate Banking,CZ,Employment Practices & Workplace Safety,Health & Safety Incident,Health & Safety Incident incident reported in Corporate Banking unit.,Medium,5661.27,Open,,IT Support,False,2,8,2024-06,2024Q2,812.0,90+ days
NFR-2024685,2024-06-28,2024-07-06,Corporate Banking,HU,"Execution, Delivery & Process Management",Data Entry Error,Data Entry Error incident reported in Risk Management unit.,Low,735.58,Closed,93.0,IT Support,False,1,8,2024-06,2024Q2,93.0,90+ days
NFR-2024326,2024-06-29,2024-07-07,Hr,RO,"Clients, Products & Business Practices",GDPR / Data Privacy Breach,GDPR / Data Privacy Breach incident reported in Corporate Banking unit.,Medium,8634.28,Open,,Branch Manager,False,2,8,2024-06,2024Q2,810.0,90+ days
NFR-2024716,2024-06-30,2024-07-11,Risk Management,RO,External Fraud,Card Fraud,Card Fraud incident reported in Payments unit.,Low,453.46,Closed,33.0,Branch Manager,True,1,11,2024-06,2024Q2,33.0,31-90 days
NFR-2024633,2024-06-30,2024-07-02,Corporate Banking,AT,Business Disruption & System Failures,IT Outage,IT Outage incident reported in IT Operations unit.,Medium,5633.74,Open,,Customer Service Rep,False,2,2,2024-06,2024Q2,809.0,90+ days
NFR-2024669,2024-06-30,2024-06-30,It Operations,HU,External Fraud,Cyber Theft,Cyber Theft incident reported in Corporate Banking unit.,Medium,5417.62,Closed,35.0,Risk Officer,False,2,0,2024-06,2024Q2,35.0,31-90 days
NFR-2024212,2024-07-01,2024-07-09,Compliance,HR,Business Disruption & System Failures,Third-Party Service Outage,Third-Party Service Outage incident reported in HR unit.,Critical,2167491.34,Closed,82.0,Team Lead,True,4,8,2024-07,2024Q3,82.0,31-90 days
NFR-2024723,2024-07-01,2024-07-09,Retail Banking,CZ,Business Disruption & System Failures,Third-Party Service Outage,Third-Party Service Outage incident reported in Treasury unit.,Medium,2879.17,Closed,90.0,Risk Officer,False,2,8,2024-07,2024Q3,90.0,31-90 days
NFR-2024715,2024-07-02,2024-07-04,Risk Management,HR,External Fraud,Cyber Theft,Cyber Theft incident reported in HR unit.,Medium,31198.27,Open,,Compliance Officer,False,2,2,2024-07,2024Q3,807.0,90+ days
NFR-2024649,2024-07-02,2024-07-06,Risk Management,AT,Employment Practices & Workplace Safety,Discrimination Claim,Discrimination Claim incident reported in Compliance unit.,Medium,8320.24,Closed,3.0,Compliance Officer,True,2,4,2024-07,2024Q3,3.0,0-7 days
NFR-2024391,2024-07-03,2024-07-09,Risk Management,HR,Internal Fraud,Intentional Mis-reporting,Intentional Mis-reporting incident reported in Corporate Banking unit.,Medium,3832.54,Closed,32.0,Branch Manager,False,2,6,2024-07,2024Q3,32.0,31-90 days
NFR-2024420,2024-07-04,2024-07-04,Hr,SK,Internal Fraud,Intentional Mis-reporting,Intentional Mis-reporting incident reported in Compliance unit.,Critical,205699.97,Closed,39.0,Risk Officer,False,4,0,2024-07,2024Q3,39.0,31-90 days
NFR-2024877,2024-07-05,2024-07-05,It Operations,SK,Internal Fraud,Misappropriation of Assets,Misappropriation of Assets incident reported in HR unit.,Low,950.42,Closed,58.0,Compliance Officer,False,1,0,2024-07,2024Q3,58.0,31-90 days
NFR-2024679,2024-07-07,2024-07-12,Compliance,RO,"Clients, Products & Business Practices",Suitability Breach,Suitability Breach incident reported in Retail Banking unit.,High,24866.21,Closed,59.0,Compliance Officer,False,3,5,2024-07,2024Q3,59.0,31-90 days
NFR-2024575,2024-07-07,2024-07-10,It Operations,BG,Internal Fraud,Misappropriation of Assets,Misappropriation of Assets incident reported in Corporate Banking unit.,Low,412.9,Closed,70.0,Risk Officer,True,1,3,2024-07,2024Q3,70.0,31-90 days
NFR-2024089,2024-07-09,2024-07-16,Corporate Banking,RO,External Fraud,Card Fraud,Card Fraud incident reported in Payments unit.,Low,1625.59,Closed,117.0,Branch Manager,True,1,7,2024-07,2024Q3,117.0,90+ days
NFR-2024550,2024-07-09,2024-07-14,Payments,HR,"Execution, Delivery & Process Management",Missed SLA,Missed SLA incident reported in Compliance unit.,Low,282.61,In Progress,,Branch Manager,False,1,5,2024-07,2024Q3,800.0,90+ days
NFR-2024513,2024-07-11,2024-07-11,Hr,RS,"Execution, Delivery & Process Management",Documentation Error,Documentation Error incident reported in Treasury unit.,Medium,16862.34,Open,,Team Lead,True,2,0,2024-07,2024Q3,798.0,90+ days
NFR-2024637,2024-07-11,2024-07-15,It Operations,BG,Employment Practices & Workplace Safety,Health & Safety Incident,Health & Safety Incident incident reported in Risk Management unit.,Low,395.57,Closed,23.0,Customer Service Rep,False,1,4,2024-07,2024Q3,23.0,8-30 days
NFR-2024478,2024-07-13,2024-07-19,Compliance,SK,Employment Practices & Workplace Safety,Discrimination Claim,Discrimination Claim incident reported in Payments unit.,Medium,8496.31,Closed,41.0,IT Support,False,2,6,2024-07,2024Q3,41.0,31-90 days
NFR-2024011,2024-07-13,2024-07-14,Hr,RS,"Execution, Delivery & Process Management",Documentation Error,Documentation Error incident reported in Retail Banking unit.,High,25029.99,Open,,IT Support,False,3,1,2024-07,2024Q3,796.0,90+ days
NFR-2024883,2024-07-15,2024-07-15,Treasury,RO,"Execution, Delivery & Process Management",Data Entry Error,Data Entry Error incident reported in IT Operations unit.,Low,572.4,In Progress,,Branch Manager,False,1,0,2024-07,2024Q3,794.0,90+ days
NFR-2024541,2024-07-16,2024-07-25,Retail Banking,RS,External Fraud,Cyber Theft,Cyber Theft incident reported in HR unit.,Critical,1325780.88,Closed,107.0,Compliance Officer,True,4,9,2024-07,2024Q3,107.0,90+ days
NFR-2024744,2024-07-16,2024-07-23,Corporate Banking,CZ,Employment Practices & Workplace Safety,Employee Relations Dispute,Employee Relations Dispute incident reported in Compliance unit.,Low,714.03,In Progress,,Risk Officer,False,1,7,2024-07,2024Q3,793.0,90+ days
NFR-2024673,2024-07-17,2024-07-29,Payments,RO,Business Disruption & System Failures,Third-Party Service Outage,Third-Party Service Outage incident reported in Risk Management unit.,High,27884.76,Open,,Team Lead,True,3,12,2024-07,2024Q3,792.0,90+ days
NFR-2024648,2024-07-21,2024-07-29,Risk Management,BG,Employment Practices & Workplace Safety,Employee Relations Dispute,Employee Relations Dispute incident reported in Corporate Banking unit.,Medium,10084.78,Closed,94.0,Branch Manager,False,2,8,2024-07,2024Q3,94.0,90+ days
NFR-2024329,2024-07-26,2024-08-01,Hr,SK,Damage to Physical Assets,Natural Disaster,Natural Disaster incident reported in Payments unit.,Low,975.54,In Progress,,IT Support,True,1,6,2024-07,2024Q3,783.0,90+ days
NFR-2024410,2024-07-29,2024-08-06,Risk Management,RS,Business Disruption & System Failures,Network Failure,Network Failure incident reported in IT Operations unit.,Low,198.25,Closed,80.0,Compliance Officer,False,1,8,2024-07,2024Q3,80.0,31-90 days
NFR-2024583,2024-07-31,2024-08-09,Compliance,SK,Damage to Physical Assets,Vandalism,Vandalism incident reported in Risk Management unit.,Low,443.64,Closed,65.0,Branch Manager,False,1,9,2024-07,2024Q3,65.0,31-90 days
NFR-2024612,2024-08-01,2024-08-12,Hr,RS,Internal Fraud,Misappropriation of Assets,Misappropriation of Assets incident reported in Payments unit.,Medium,6581.58,In Progress,,Customer Service Rep,False,2,11,2024-08,2024Q3,777.0,90+ days
NFR-2024777,2024-08-01,2024-08-05,Risk Management,AT,Employment Practices & Workplace Safety,Health & Safety Incident,Health & Safety Incident incident reported in Retail Banking unit.,Low,500.0,Closed,76.0,IT Support,False,1,4,2024-08,2024Q3,76.0,31-90 days
NFR-2024294,2024-08-02,2024-08-13,Retail Banking,CZ,Employment Practices & Workplace Safety,Employee Relations Dispute,Employee Relations Dispute incident reported in IT Operations unit.,Low,305.3,In Progress,,IT Support,False,1,11,2024-08,2024Q3,776.0,90+ days
NFR-2024622,2024-08-02,2024-08-14,Risk Management,HU,"Execution, Delivery & Process Management",Data Entry Error,Data Entry Error incident reported in Risk Management unit.,Low,555.41,Closed,63.0,Customer Service Rep,True,1,12,2024-08,2024Q3,63.0,31-90 days
NFR-2024600,2024-08-04,2024-08-16,Compliance,RS,Damage to Physical Assets,Natural Disaster,Natural Disaster incident reported in Retail Banking unit.,Low,604.75,In Progress,,Customer Service Rep,True,1,12,2024-08,2024Q3,774.0,90+ days
NFR-2024423,2024-08-05,2024-08-14,Retail Banking,CZ,"Clients, Products & Business Practices",GDPR / Data Privacy Breach,GDPR / Data Privacy Breach incident reported in HR unit.,High,233568.75,Closed,37.0,Customer Service Rep,False,3,9,2024-08,2024Q3,37.0,31-90 days
NFR-2024377,2024-08-07,2024-08-11,Retail Banking,HR,External Fraud,Card Fraud,Card Fraud incident reported in Corporate Banking unit.,Low,504.35,Closed,33.0,Customer Service Rep,True,1,4,2024-08,2024Q3,33.0,31-90 days
NFR-2024617,2024-08-08,2024-08-16,Retail Banking,CZ,External Fraud,Phishing / Social Engineering,Phishing / Social Engineering incident reported in Risk Management unit.,Low,362.82,Closed,2.0,Branch Manager,True,1,8,2024-08,2024Q3,2.0,0-7 days
NFR-2024528,2024-08-08,2024-08-20,Treasury,HR,Internal Fraud,Intentional Mis-reporting,Intentional Mis-reporting incident reported in Treasury unit.,Low,385.9,Closed,19.0,Compliance Officer,True,1,12,2024-08,2024Q3,19.0,8-30 days
NFR-2024718,2024-08-11,2024-08-16,Treasury,SK,Damage to Physical Assets,Vandalism,Vandalism incident reported in Treasury unit.,Low,602.26,Open,,Compliance Officer,True,1,5,2024-08,2024Q3,767.0,90+ days
NFR-2024520,2024-08-12,2024-08-23,Compliance,AT,Damage to Physical Assets,Fire / Flood Damage,Fire / Flood Damage incident reported in Risk Management unit.,High,24910.39,Open,,Risk Officer,True,3,11,2024-08,2024Q3,766.0,90+ days
NFR-2024509,2024-08-13,2024-08-17,Corporate Banking,AT,Damage to Physical Assets,Vandalism,Vandalism incident reported in IT Operations unit.,Low,161.75,Closed,71.0,Customer Service Rep,False,1,4,2024-08,2024Q3,71.0,31-90 days
NFR-2024547,2024-08-13,2024-08-14,It Operations,HU,External Fraud,Card Fraud,Card Fraud incident reported in Compliance unit.,Low,1295.2,Closed,17.0,Compliance Officer,False,1,1,2024-08,2024Q3,17.0,8-30 days
NFR-2024476,2024-08-13,2024-08-24,Risk Management,CZ,Employment Practices & Workplace Safety,Health & Safety Incident,Health & Safety Incident incident reported in Risk Management unit.,Medium,9934.05,In Progress,,Customer Service Rep,True,2,11,2024-08,2024Q3,765.0,90+ days
NFR-2024111,2024-08-14,2024-08-17,Treasury,HR,Business Disruption & System Failures,Network Failure,Network Failure incident reported in Risk Management unit.,Low,1905.36,Closed,62.0,Risk Officer,False,1,3,2024-08,2024Q3,62.0,31-90 days
NFR-2024275,2024-08-15,2024-08-21,Hr,HR,Damage to Physical Assets,Fire / Flood Damage,Fire / Flood Damage incident reported in Retail Banking unit.,Medium,5347.6,In Progress,,Compliance Officer,False,2,6,2024-08,2024Q3,763.0,90+ days
NFR-2024521,2024-08-17,2024-08-17,Treasury,AT,"Clients, Products & Business Practices",Mis-selling,Mis-selling incident reported in HR unit.,Low,449.78,Closed,16.0,Customer Service Rep,False,1,0,2024-08,2024Q3,16.0,8-30 days
NFR-2024701,2024-08-18,2024-08-26,Compliance,BG,"Execution, Delivery & Process Management",Documentation Error,Documentation Error incident reported in HR unit.,Medium,4001.57,Open,,IT Support,False,2,8,2024-08,2024Q3,760.0,90+ days
NFR-2024256,2024-08-20,2024-09-01,It Operations,RO,Employment Practices & Workplace Safety,Health & Safety Incident,Health & Safety Incident incident reported in Retail Banking unit.,Medium,8630.46,Open,,Compliance Officer,False,2,12,2024-08,2024Q3,758.0,90+ days
NFR-2024800,2024-08-22,2024-08-23,Corporate Banking,AT,"Clients, Products & Business Practices",GDPR / Data Privacy Breach,GDPR / Data Privacy Breach incident reported in IT Operations unit.,Low,653.79,Closed,21.0,Compliance Officer,True,1,1,2024-08,2024Q3,21.0,8-30 days
NFR-2024244,2024-08-23,2024-09-04,Compliance,AT,"Execution, Delivery & Process Management",Failed Settlement,Failed Settlement incident reported in IT Operations unit.,Medium,3757.46,In Progress,,Customer Service Rep,False,2,12,2024-08,2024Q3,755.0,90+ days
NFR-2024512,2024-08-25,2024-09-05,Treasury,CZ,Business Disruption & System Failures,Network Failure,Network Failure incident reported in Risk Management unit.,Low,266.67,Closed,48.0,Customer Service Rep,True,1,11,2024-08,2024Q3,48.0,31-90 days
NFR-2024060,2024-08-26,2024-08-31,Retail Banking,SK,Damage to Physical Assets,Natural Disaster,Natural Disaster incident reported in IT Operations unit.,High,70614.56,Closed,101.0,Branch Manager,True,3,5,2024-08,2024Q3,101.0,90+ days
NFR-2024684,2024-08-26,2024-08-29,Treasury,BG,External Fraud,Phishing / Social Engineering,Phishing / Social Engineering incident reported in HR unit.,Critical,887665.07,Closed,4.0,Branch Manager,False,4,3,2024-08,2024Q3,4.0,0-7 days
NFR-2024027,2024-08-28,2024-09-01,Corporate Banking,HU,"Clients, Products & Business Practices",Mis-selling,Mis-selling incident reported in Treasury unit.,Medium,8784.28,In Progress,,Compliance Officer,True,2,4,2024-08,2024Q3,750.0,90+ days
NFR-2024374,2024-08-29,2024-09-04,Treasury,HU,External Fraud,Phishing / Social Engineering,Phishing / Social Engineering incident reported in IT Operations unit.,Medium,6437.24,In Progress,,Compliance Officer,False,2,6,2024-08,2024Q3,749.0,90+ days
NFR-2024157,2024-09-01,2024-09-01,Hr,AT,"Clients, Products & Business Practices",Suitability Breach,Suitability Breach incident reported in Treasury unit.,Critical,717649.66,In Progress,,IT Support,False,4,0,2024-09,2024Q3,746.0,90+ days
NFR-2024241,2024-09-01,2024-09-11,Treasury,RO,External Fraud,Cyber Theft,Cyber Theft incident reported in Compliance unit.,Low,938.99,Open,,Risk Officer,False,1,10,2024-09,2024Q3,746.0,90+ days
NFR-2024048,2024-09-01,2024-09-10,Hr,BG,Employment Practices & Workplace Safety,Discrimination Claim,Discrimination Claim incident reported in HR unit.,Critical,282250.86,Closed,110.0,Customer Service Rep,False,4,9,2024-09,2024Q3,110.0,90+ days
NFR-2024327,2024-09-01,2024-09-08,It Operations,BG,Internal Fraud,Intentional Mis-reporting,Intentional Mis-reporting incident reported in Retail Banking unit.,Critical,549733.61,Closed,102.0,Customer Service Rep,False,4,7,2024-09,2024Q3,102.0,90+ days
NFR-2024015,2024-09-01,2024-09-05,It Operations,CZ,External Fraud,Cyber Theft,Cyber Theft incident reported in Corporate Banking unit.,Medium,4005.5,Closed,86.0,IT Support,True,2,4,2024-09,2024Q3,86.0,31-90 days
NFR-2024125,2024-09-03,2024-09-06,Compliance,RS,Internal Fraud,Unauthorized Transactions,Unauthorized Transactions incident reported in HR unit.,Medium,4728.8,Closed,33.0,Customer Service Rep,True,2,3,2024-09,2024Q3,33.0,31-90 days
NFR-2024096,2024-09-04,2024-09-11,Risk Management,CZ,Damage to Physical Assets,Fire / Flood Damage,Fire / Flood Damage incident reported in HR unit.,Low,952.24,Open,,Risk Officer,False,1,7,2024-09,2024Q3,743.0,90+ days
NFR-2024330,2024-09-06,2024-09-15,Corporate Banking,RS,Employment Practices & Workplace Safety,Employee Relations Dispute,Employee Relations Dispute incident reported in Retail Banking unit.,Low,844.21,Open,,IT Support,False,1,9,2024-09,2024Q3,741.0,90+ days
NFR-2024522,2024-09-07,2024-09-08,Hr,SK,External Fraud,Phishing / Social Engineering,Phishing / Social Engineering incident reported in Treasury unit.,Low,1633.2,Open,,IT Support,False,1,1,2024-09,2024Q3,740.0,90+ days
NFR-2024136,2024-09-11,2024-09-21,Retail Banking,RS,"Execution, Delivery & Process Management",Data Entry Error,Data Entry Error incident reported in Compliance unit.,Low,1160.12,Closed,22.0,Branch Manager,True,1,10,2024-09,2024Q3,22.0,8-30 days
NFR-2024767,2024-09-11,2024-09-12,Retail Banking,AT,Employment Practices & Workplace Safety,Employee Relations Dispute,Employee Relations Dispute incident reported in IT Operations unit.,High,94413.28,Closed,114.0,Compliance Officer,False,3,1,2024-09,2024Q3,114.0,90+ days
NFR-2024595,2024-09-12,2024-09-24,Hr,RO,Business Disruption & System Failures,Network Failure,Network Failure incident reported in IT Operations unit.,Low,2314.0,Closed,44.0,Team Lead,True,1,12,2024-09,2024Q3,44.0,31-90 days
NFR-2024781,2024-09-12,2024-09-12,Treasury,AT,Internal Fraud,Unauthorized Transactions,Unauthorized Transactions incident reported in Payments unit.,Medium,2974.52,Closed,96.0,Compliance Officer,True,2,0,2024-09,2024Q3,96.0,90+ days
NFR-2024739,2024-09-12,2024-09-13,Risk Management,AT,Employment Practices & Workplace Safety,Employee Relations Dispute,Employee Relations Dispute incident reported in HR unit.,High,47395.57,Closed,19.0,Branch Manager,False,3,1,2024-09,2024Q3,19.0,8-30 days
NFR-2024093,2024-09-13,2024-09-16,It Operations,RO,Damage to Physical Assets,Vandalism,Vandalism incident reported in Corporate Banking unit.,High,50159.55,Closed,71.0,Team Lead,True,3,3,2024-09,2024Q3,71.0,31-90 days
NFR-2024729,2024-09-13,2024-09-15,Retail Banking,SK,External Fraud,Phishing / Social Engineering,Phishing / Social Engineering incident reported in Corporate Banking unit.,High,32780.42,Closed,26.0,IT Support,False,3,2,2024-09,2024Q3,26.0,8-30 days
NFR-2024830,2024-09-13,2024-09-24,Corporate Banking,SK,"Clients, Products & Business Practices",Mis-selling,Mis-selling incident reported in Treasury unit.,Medium,7531.81,Open,,Risk Officer,False,2,11,2024-09,2024Q3,734.0,90+ days
NFR-2024079,2024-09-13,2024-09-13,Compliance,CZ,External Fraud,Cyber Theft,Cyber Theft incident reported in Corporate Banking unit.,Low,275.1,Closed,112.0,IT Support,False,1,0,2024-09,2024Q3,112.0,90+ days
NFR-2024150,2024-09-13,2024-09-14,Treasury,RO,Employment Practices & Workplace Safety,Discrimination Claim,Discrimination Claim incident reported in Payments unit.,Medium,4614.87,Closed,116.0,Branch Manager,True,2,1,2024-09,2024Q3,116.0,90+ days
NFR-2024702,2024-09-14,2024-09-19,Corporate Banking,BG,Employment Practices & Workplace Safety,Health & Safety Incident,Health & Safety Incident incident reported in Risk Management unit.,Medium,3013.1,Open,,IT Support,True,2,5,2024-09,2024Q3,733.0,90+ days
NFR-2024705,2024-09-16,2024-09-21,Compliance,HU,Business Disruption & System Failures,Network Failure,Network Failure incident reported in Retail Banking unit.,High,27431.92,Closed,45.0,Customer Service Rep,True,3,5,2024-09,2024Q3,45.0,31-90 days
NFR-2024792,2024-09-17,2024-09-26,Corporate Banking,RS,"Clients, Products & Business Practices",Suitability Breach,Suitability Breach incident reported in Payments unit.,Low,1077.1,Open,,Compliance Officer,False,1,9,2024-09,2024Q3,730.0,90+ days
NFR-2024434,2024-09-19,2024-09-24,Risk Management,SK,Damage to Physical Assets,Natural Disaster,Natural Disaster incident reported in Retail Banking unit.,Medium,1987.83,Closed,93.0,Team Lead,False,2,5,2024-09,2024Q3,93.0,90+ days
NFR-2024647,2024-09-21,2024-10-02,Risk Management,BG,"Clients, Products & Business Practices",Mis-selling,Mis-selling incident reported in Compliance unit.,Low,430.23,Closed,78.0,Compliance Officer,False,1,11,2024-09,2024Q3,78.0,31-90 days
NFR-2024615,2024-09-23,2024-09-23,Payments,AT,"Clients, Products & Business Practices",GDPR / Data Privacy Breach,GDPR / Data Privacy Breach incident reported in HR unit.,Low,828.18,In Progress,,Branch Manager,False,1,0,2024-09,2024Q3,724.0,90+ days
NFR-2024388,2024-09-23,2024-09-24,Treasury,RO,Business Disruption & System Failures,Third-Party Service Outage,Third-Party Service Outage incident reported in HR unit.,Low,814.14,In Progress,,IT Support,False,1,1,2024-09,2024Q3,724.0,90+ days
NFR-2024853,2024-09-23,2024-10-02,Retail Banking,RO,Damage to Physical Assets,Vandalism,Vandalism incident reported in Risk Management unit.,Low,136.8,In Progress,,Branch Manager,True,1,9,2024-09,2024Q3,724.0,90+ days
NFR-2024855,2024-09-24,2024-09-29,Treasury,BG,Damage to Physical Assets,Fire / Flood Damage,Fire / Flood Damage incident reported in Payments unit.,Low,625.96,Closed,106.0,Risk Officer,False,1,5,2024-09,2024Q3,106.0,90+ days
NFR-2024230,2024-09-26,2024-10-05,Hr,HR,Business Disruption & System Failures,Network Failure,Network Failure incident reported in Corporate Banking unit.,High,51394.12,Closed,23.0,Risk Officer,False,3,9,2024-09,2024Q3,23.0,8-30 days
NFR-2024041,2024-09-27,2024-10-09,Payments,HU,Internal Fraud,Intentional Mis-reporting,Intentional Mis-reporting incident reported in IT Operations unit.,Low,304.28,Closed,76.0,Customer Service Rep,False,1,12,2024-09,2024Q3,76.0,31-90 days
NFR-2024216,2024-09-27,2024-09-29,It Operations,BG,Internal Fraud,Misappropriation of Assets,Misappropriation of Assets incident reported in Treasury unit.,Low,776.8,In Progress,,Customer Service Rep,False,1,2,2024-09,2024Q3,720.0,90+ days
NFR-2024040,2024-09-27,2024-10-07,Payments,CZ,"Execution, Delivery & Process Management",Failed Settlement,Failed Settlement incident reported in HR unit.,Medium,4410.6,Open,,IT Support,True,2,10,2024-09,2024Q3,720.0,90+ days
NFR-2024272,2024-09-28,2024-10-03,Payments,RO,"Clients, Products & Business Practices",GDPR / Data Privacy Breach,GDPR / Data Privacy Breach incident reported in HR unit.,Low,766.57,Closed,32.0,Branch Manager,False,1,5,2024-09,2024Q3,32.0,31-90 days
NFR-2024268,2024-09-29,2024-10-07,Corporate Banking,CZ,Business Disruption & System Failures,IT Outage,IT Outage incident reported in Corporate Banking unit.,High,29319.27,Open,,Compliance Officer,True,3,8,2024-09,2024Q3,718.0,90+ days
NFR-2024171,2024-09-29,2024-10-07,Retail Banking,HU,Internal Fraud,Unauthorized Transactions,Unauthorized Transactions incident reported in HR unit.,Medium,1973.64,Closed,118.0,Risk Officer,True,2,8,2024-09,2024Q3,118.0,90+ days
NFR-2024900,2024-10-02,2024-10-02,Compliance,RS,External Fraud,Phishing / Social Engineering,Phishing / Social Engineering incident reported in Compliance unit.,Low,1090.68,Closed,112.0,Branch Manager,False,1,0,2024-10,2024Q4,112.0,90+ days
NFR-2024392,2024-10-02,2024-10-11,Retail Banking,BG,Business Disruption & System Failures,Network Failure,Network Failure incident reported in Treasury unit.,Medium,6220.75,Closed,43.0,Branch Manager,False,2,9,2024-10,2024Q4,43.0,31-90 days
NFR-2024158,2024-10-02,2024-10-13,Retail Banking,RS,External Fraud,Cyber Theft,Cyber Theft incident reported in Corporate Banking unit.,High,90833.78,Closed,99.0,Team Lead,False,3,11,2024-10,2024Q4,99.0,90+ days
NFR-2024565,2024-10-03,2024-10-13,Retail Banking,RS,Business Disruption & System Failures,Third-Party Service Outage,Third-Party Service Outage incident reported in Treasury unit.,Medium,4296.32,Closed,82.0,Team Lead,False,2,10,2024-10,2024Q4,82.0,31-90 days
NFR-2024199,2024-10-03,2024-10-12,Hr,CZ,Business Disruption & System Failures,IT Outage,IT Outage incident reported in Corporate Banking unit.,Medium,1768.8,Closed,18.0,Compliance Officer,True,2,9,2024-10,2024Q4,18.0,8-30 days
NFR-2024042,2024-10-05,2024-10-13,Corporate Banking,RS,Employment Practices & Workplace Safety,Employee Relations Dispute,Employee Relations Dispute incident reported in IT Operations unit.,Low,1809.57,Closed,57.0,Team Lead,False,1,8,2024-10,2024Q4,57.0,31-90 days
NFR-2024524,2024-10-05,2024-10-06,Payments,AT,External Fraud,Phishing / Social Engineering,Phishing / Social Engineering incident reported in Treasury unit.,High,78705.21,Closed,17.0,Customer Service Rep,False,3,1,2024-10,2024Q4,17.0,8-30 days
NFR-2024129,2024-10-06,2024-10-18,Payments,RS,"Execution, Delivery & Process Management",Missed SLA,Missed SLA incident reported in HR unit.,Low,163.44,Closed,63.0,Risk Officer,False,1,12,2024-10,2024Q4,63.0,31-90 days
NFR-2024566,2024-10-07,2024-10-17,Risk Management,SK,External Fraud,Phishing / Social Engineering,Phishing / Social Engineering incident reported in Compliance unit.,Medium,13486.88,Closed,116.0,Compliance Officer,False,2,10,2024-10,2024Q4,116.0,90+ days
NFR-2024632,2024-10-07,2024-10-17,Retail Banking,BG,Internal Fraud,Intentional Mis-reporting,Intentional Mis-reporting incident reported in Risk Management unit.,Medium,4906.09,Open,,Customer Service Rep,False,2,10,2024-10,2024Q4,710.0,90+ days
NFR-2024650,2024-10-08,2024-10-13,Payments,BG,Business Disruption & System Failures,Network Failure,Network Failure incident reported in Compliance unit.,Low,428.87,Closed,89.0,Customer Service Rep,False,1,5,2024-10,2024Q4,89.0,31-90 days
NFR-2024687,2024-10-08,2024-10-19,Retail Banking,HU,"Clients, Products & Business Practices",GDPR / Data Privacy Breach,GDPR / Data Privacy Breach incident reported in Retail Banking unit.,Low,724.24,Closed,42.0,Customer Service Rep,False,1,11,2024-10,2024Q4,42.0,31-90 days
NFR-2024001,2024-10-08,2024-10-11,Corporate Banking,CZ,Business Disruption & System Failures,IT Outage,IT Outage incident reported in Retail Banking unit.,Low,502.84,In Progress,,Risk Officer,False,1,3,2024-10,2024Q4,709.0,90+ days
NFR-2024597,2024-10-09,2024-10-13,Payments,SK,External Fraud,Phishing / Social Engineering,Phishing / Social Engineering incident reported in Retail Banking unit.,Medium,3155.83,Closed,17.0,Risk Officer,False,2,4,2024-10,2024Q4,17.0,8-30 days
NFR-2024059,2024-10-09,2024-10-12,Risk Management,HU,Business Disruption & System Failures,Network Failure,Network Failure incident reported in Retail Banking unit.,Low,249.77,Closed,109.0,Risk Officer,False,1,3,2024-10,2024Q4,109.0,90+ days
NFR-2024375,2024-10-11,2024-10-21,Retail Banking,BG,Internal Fraud,Misappropriation of Assets,Misappropriation of Assets incident reported in Retail Banking unit.,High,109874.95,Closed,83.0,Compliance Officer,False,3,10,2024-10,2024Q4,83.0,31-90 days
NFR-2024458,2024-10-12,2024-10-22,Corporate Banking,RS,External Fraud,Card Fraud,Card Fraud incident reported in Risk Management unit.,Medium,10818.97,Closed,6.0,Branch Manager,False,2,10,2024-10,2024Q4,6.0,0-7 days
NFR-2024403,2024-10-16,2024-10-16,Risk Management,HU,"Execution, Delivery & Process Management",Failed Settlement,Failed Settlement incident reported in Risk Management unit.,Medium,2474.5,Closed,86.0,Compliance Officer,True,2,0,2024-10,2024Q4,86.0,31-90 days
NFR-2024551,2024-10-17,2024-10-26,Payments,RO,External Fraud,Cyber Theft,Cyber Theft incident reported in Corporate Banking unit.,Low,868.06,In Progress,,Customer Service Rep,False,1,9,2024-10,2024Q4,700.0,90+ days
NFR-2024727,2024-10-18,2024-10-27,Corporate Banking,HU,"Clients, Products & Business Practices",GDPR / Data Privacy Breach,GDPR / Data Privacy Breach incident reported in Risk Management unit.,Medium,3693.74,In Progress,,Branch Manager,False,2,9,2024-10,2024Q4,699.0,90+ days
NFR-2024073,2024-10-20,2024-10-21,Corporate Banking,RS,Internal Fraud,Unauthorized Transactions,Unauthorized Transactions incident reported in Retail Banking unit.,Low,380.91,Closed,110.0,Customer Service Rep,True,1,1,2024-10,2024Q4,110.0,90+ days
NFR-2024142,2024-10-22,2024-10-24,Risk Management,HR,External Fraud,Cyber Theft,Cyber Theft incident reported in Risk Management unit.,Low,1838.0,In Progress,,Compliance Officer,False,1,2,2024-10,2024Q4,695.0,90+ days
NFR-2024117,2024-10-23,2024-10-26,Compliance,HR,"Execution, Delivery & Process Management",Data Entry Error,Data Entry Error incident reported in Treasury unit.,Low,442.24,Closed,94.0,Team Lead,False,1,3,2024-10,2024Q4,94.0,90+ days
NFR-2024482,2024-10-25,2024-10-27,Payments,AT,External Fraud,Phishing / Social Engineering,Phishing / Social Engineering incident reported in Corporate Banking unit.,Medium,4358.3,In Progress,,Branch Manager,True,2,2,2024-10,2024Q4,692.0,90+ days
NFR-2024449,2024-10-25,2024-11-04,Retail Banking,AT,"Clients, Products & Business Practices",GDPR / Data Privacy Breach,GDPR / Data Privacy Breach incident reported in HR unit.,Low,363.11,Closed,59.0,Customer Service Rep,True,1,10,2024-10,2024Q4,59.0,31-90 days
NFR-2024471,2024-10-27,2024-10-28,Corporate Banking,HU,Internal Fraud,Intentional Mis-reporting,Intentional Mis-reporting incident reported in Corporate Banking unit.,Low,119.85,Closed,36.0,Compliance Officer,False,1,1,2024-10,2024Q4,36.0,31-90 days
NFR-2024440,2024-10-28,2024-11-09,Payments,RO,"Execution, Delivery & Process Management",Failed Settlement,Failed Settlement incident reported in Risk Management unit.,High,36097.12,Open,,Compliance Officer,False,3,12,2024-10,2024Q4,689.0,90+ days
NFR-2024322,2024-10-28,2024-11-04,Risk Management,RO,Internal Fraud,Intentional Mis-reporting,Intentional Mis-reporting incident reported in Compliance unit.,Low,160.05,Closed,10.0,IT Support,False,1,7,2024-10,2024Q4,10.0,8-30 days
NFR-2024624,2024-10-28,2024-11-08,It Operations,HR,Employment Practices & Workplace Safety,Discrimination Claim,Discrimination Claim incident reported in Treasury unit.,Low,230.59,Closed,87.0,Risk Officer,False,1,11,2024-10,2024Q4,87.0,31-90 days
NFR-2024200,2024-10-29,2024-10-31,Risk Management,BG,External Fraud,Phishing / Social Engineering,Phishing / Social Engineering incident reported in Retail Banking unit.,Medium,2729.95,Open,,Compliance Officer,True,2,2,2024-10,2024Q4,688.0,90+ days
NFR-2024587,2024-11-06,2024-11-18,Retail Banking,AT,Business Disruption & System Failures,Network Failure,Network Failure incident reported in Payments unit.,Low,456.49,Closed,30.0,Customer Service Rep,False,1,12,2024-11,2024Q4,30.0,8-30 days
NFR-2024135,2024-11-06,2024-11-09,Treasury,RS,Business Disruption & System Failures,Network Failure,Network Failure incident reported in Risk Management unit.,Low,456.49,In Progress,,Customer Service Rep,False,1,3,2024-11,2024Q4,680.0,90+ days
NFR-2024593,2024-11-08,2024-11-08,Retail Banking,HR,"Clients, Products & Business Practices",Suitability Breach,Suitability Breach incident reported in IT Operations unit.,Low,1528.1,Closed,45.0,Branch Manager,True,1,0,2024-11,2024Q4,45.0,31-90 days
NFR-2024277,2024-11-08,2024-11-10,Risk Management,BG,Damage to Physical Assets,Fire / Flood Damage,Fire / Flood Damage incident reported in Payments unit.,Low,305.19,Closed,79.0,Customer Service Rep,False,1,2,2024-11,2024Q4,79.0,31-90 days
NFR-2024503,2024-11-09,2024-11-20,Payments,BG,Internal Fraud,Misappropriation of Assets,Misappropriation of Assets incident reported in HR unit.,Low,618.61,Closed,30.0,IT Support,False,1,11,2024-11,2024Q4,30.0,8-30 days
NFR-2024559,2024-11-10,2024-11-19,Risk Management,CZ,Employment Practices & Workplace Safety,Health & Safety Incident,Health & Safety Incident incident reported in Risk Management unit.,Low,677.92,Closed,19.0,IT Support,True,1,9,2024-11,2024Q4,19.0,8-30 days
NFR-2024378,2024-11-11,2024-11-11,Retail Banking,AT,"Clients, Products & Business Practices",Suitability Breach,Suitability Breach incident reported in Payments unit.,Low,463.06,Closed,116.0,Customer Service Rep,False,1,0,2024-11,2024Q4,116.0,90+ days
NFR-2024672,2024-11-12,2024-11-22,Treasury,HR,Employment Practices & Workplace Safety,Employee Relations Dispute,Employee Relations Dispute incident reported in Risk Management unit.,Medium,4973.67,Closed,97.0,Compliance Officer,False,2,10,2024-11,2024Q4,97.0,90+ days
NFR-2024435,2024-11-12,2024-11-21,Compliance,SK,"Execution, Delivery & Process Management",Failed Settlement,Failed Settlement incident reported in Retail Banking unit.,Low,452.55,In Progress,,Risk Officer,False,1,9,2024-11,2024Q4,674.0,90+ days
NFR-2024808,2024-11-13,2024-11-21,Corporate Banking,RO,Internal Fraud,Misappropriation of Assets,Misappropriation of Assets incident reported in Payments unit.,Low,619.27,In Progress,,Compliance Officer,False,1,8,2024-11,2024Q4,673.0,90+ days
NFR-2024574,2024-11-14,2024-11-25,Risk Management,HU,"Execution, Delivery & Process Management",Failed Settlement,Failed Settlement incident reported in Retail Banking unit.,Low,513.74,Closed,1.0,Branch Manager,False,1,11,2024-11,2024Q4,1.0,0-7 days
NFR-2024161,2024-11-14,2024-11-19,Risk Management,HU,"Clients, Products & Business Practices",GDPR / Data Privacy Breach,GDPR / Data Privacy Breach incident reported in IT Operations unit.,Medium,9693.84,Open,,IT Support,False,2,5,2024-11,2024Q4,672.0,90+ days
NFR-2024558,2024-11-16,2024-11-28,Risk Management,CZ,Damage to Physical Assets,Fire / Flood Damage,Fire / Flood Damage incident reported in Payments unit.,Medium,10049.39,Closed,91.0,Compliance Officer,False,2,12,2024-11,2024Q4,91.0,90+ days
NFR-2024165,2024-11-17,2024-11-23,Compliance,HU,Internal Fraud,Unauthorized Transactions,Unauthorized Transactions incident reported in Risk Management unit.,Low,379.85,Open,,Risk Officer,False,1,6,2024-11,2024Q4,669.0,90+ days
NFR-2024757,2024-11-17,2024-11-26,Payments,CZ,Employment Practices & Workplace Safety,Health & Safety Incident,Health & Safety Incident incident reported in Retail Banking unit.,Medium,6756.69,Closed,26.0,Team Lead,True,2,9,2024-11,2024Q4,26.0,8-30 days
NFR-2024798,2024-11-17,2024-11-22,It Operations,RS,External Fraud,Phishing / Social Engineering,Phishing / Social Engineering incident reported in Risk Management unit.,Low,841.25,Closed,32.0,Branch Manager,False,1,5,2024-11,2024Q4,32.0,31-90 days
NFR-2024005,2024-11-18,2024-11-21,Risk Management,SK,External Fraud,Cyber Theft,Cyber Theft incident reported in IT Operations unit.,High,109216.83,Closed,51.0,Team Lead,False,3,3,2024-11,2024Q4,51.0,31-90 days
NFR-2024319,2024-11-19,2024-11-27,Corporate Banking,HR,"Execution, Delivery & Process Management",Documentation Error,Documentation Error incident reported in HR unit.,Low,693.3,Closed,6.0,IT Support,True,1,8,2024-11,2024Q4,6.0,0-7 days
NFR-2024130,2024-11-20,2024-11-25,Retail Banking,BG,Business Disruption & System Failures,IT Outage,IT Outage incident reported in IT Operations unit.,Medium,5159.84,Open,,Team Lead,False,2,5,2024-11,2024Q4,666.0,90+ days
NFR-2024217,2024-11-21,2024-11-29,Treasury,SK,Employment Practices & Workplace Safety,Discrimination Claim,Discrimination Claim incident reported in HR unit.,High,29157.47,In Progress,,Risk Officer,False,3,8,2024-11,2024Q4,665.0,90+ days
NFR-2024556,2024-11-22,2024-11-24,Hr,CZ,Damage to Physical Assets,Vandalism,Vandalism incident reported in Payments unit.,Low,633.51,Closed,114.0,IT Support,True,1,2,2024-11,2024Q4,114.0,90+ days
NFR-2024382,2024-11-23,2024-11-30,Treasury,HR,Business Disruption & System Failures,Network Failure,Network Failure incident reported in Payments unit.,High,25421.02,Closed,95.0,Compliance Officer,False,3,7,2024-11,2024Q4,95.0,90+ days
NFR-2024175,2024-11-23,2024-11-25,Compliance,RO,Business Disruption & System Failures,IT Outage,IT Outage incident reported in Corporate Banking unit.,Low,242.74,Closed,12.0,Customer Service Rep,True,1,2,2024-11,2024Q4,12.0,8-30 days
NFR-2024090,2024-11-23,2024-12-03,Corporate Banking,RO,Internal Fraud,Intentional Mis-reporting,Intentional Mis-reporting incident reported in Treasury unit.,Critical,795121.79,In Progress,,Team Lead,True,4,10,2024-11,2024Q4,663.0,90+ days
NFR-2024185,2024-11-24,2024-11-28,Corporate Banking,HU,Business Disruption & System Failures,Network Failure,Network Failure incident reported in HR unit.,Medium,14022.03,Closed,78.0,IT Support,False,2,4,2024-11,2024Q4,78.0,31-90 days
NFR-2024302,2024-11-24,2024-11-27,It Operations,BG,Employment Practices & Workplace Safety,Employee Relations Dispute,Employee Relations Dispute incident reported in IT Operations unit.,High,30419.43,In Progress,,Branch Manager,False,3,3,2024-11,2024Q4,662.0,90+ days
NFR-2024741,2024-11-24,2024-11-28,Corporate Banking,BG,Business Disruption & System Failures,IT Outage,IT Outage incident reported in HR unit.,Critical,887821.01,Closed,101.0,IT Support,True,4,4,2024-11,2024Q4,101.0,90+ days
NFR-2024160,2024-11-25,2024-11-28,Compliance,CZ,Business Disruption & System Failures,Third-Party Service Outage,Third-Party Service Outage incident reported in Corporate Banking unit.,Low,510.83,Closed,93.0,Risk Officer,True,1,3,2024-11,2024Q4,93.0,90+ days
NFR-2024034,2024-11-26,2024-11-29,It Operations,HU,"Clients, Products & Business Practices",Suitability Breach,Suitability Breach incident reported in HR unit.,Medium,5017.35,Closed,12.0,IT Support,True,2,3,2024-11,2024Q4,12.0,8-30 days
NFR-2024709,2024-11-27,2024-11-30,Payments,RO,Damage to Physical Assets,Fire / Flood Damage,Fire / Flood Damage incident reported in Payments unit.,Critical,285114.13,Closed,6.0,Customer Service Rep,False,4,3,2024-11,2024Q4,6.0,0-7 days
NFR-2024286,2024-11-28,2024-12-05,Hr,RS,"Clients, Products & Business Practices",Suitability Breach,Suitability Breach incident reported in HR unit.,Medium,10930.73,Closed,55.0,Team Lead,False,2,7,2024-11,2024Q4,55.0,31-90 days
NFR-2024270,2024-11-28,2024-12-03,Hr,HR,Employment Practices & Workplace Safety,Health & Safety Incident,Health & Safety Incident incident reported in Payments unit.,Medium,3756.58,Closed,82.0,Customer Service Rep,True,2,5,2024-11,2024Q4,82.0,31-90 days
NFR-2024454,2024-11-30,2024-12-10,Risk Management,HU,Internal Fraud,Intentional Mis-reporting,Intentional Mis-reporting incident reported in Risk Management unit.,High,76394.4,Closed,63.0,Branch Manager,False,3,10,2024-11,2024Q4,63.0,31-90 days
NFR-2024629,2024-11-30,2024-12-04,Payments,RS,"Clients, Products & Business Practices",GDPR / Data Privacy Breach,GDPR / Data Privacy Breach incident reported in Risk Management unit.,Medium,2775.54,Closed,16.0,IT Support,False,2,4,2024-11,2024Q4,16.0,8-30 days
NFR-2024678,2024-12-01,2024-12-10,It Operations,RO,Damage to Physical Assets,Natural Disaster,Natural Disaster incident reported in Treasury unit.,Low,675.28,Closed,85.0,Customer Service Rep,False,1,9,2024-12,2024Q4,85.0,31-90 days
NFR-2024625,2024-12-04,2024-12-15,Treasury,BG,"Clients, Products & Business Practices",GDPR / Data Privacy Breach,GDPR / Data Privacy Breach incident reported in HR unit.,Low,375.22,Closed,110.0,Branch Manager,True,1,11,2024-12,2024Q4,110.0,90+ days
NFR-2024106,2024-12-04,2024-12-15,Treasury,SK,External Fraud,Card Fraud,Card Fraud incident reported in Risk Management unit.,Low,679.99,Closed,88.0,IT Support,True,1,11,2024-12,2024Q4,88.0,31-90 days
NFR-2024184,2024-12-05,2024-12-16,Risk Management,HR,Internal Fraud,Misappropriation of Assets,Misappropriation of Assets incident reported in IT Operations unit.,High,14494.76,In Progress,,Customer Service Rep,False,3,11,2024-12,2024Q4,651.0,90+ days
NFR-2024465,2024-12-07,2024-12-09,Treasury,AT,Damage to Physical Assets,Fire / Flood Damage,Fire / Flood Damage incident reported in Compliance unit.,Medium,4441.78,Closed,26.0,Compliance Officer,False,2,2,2024-12,2024Q4,26.0,8-30 days
NFR-2024560,2024-12-07,2024-12-07,Corporate Banking,RS,"Clients, Products & Business Practices",Suitability Breach,Suitability Breach incident reported in HR unit.,Low,474.57,Closed,48.0,Risk Officer,False,1,0,2024-12,2024Q4,48.0,31-90 days
NFR-2024341,2024-12-08,2024-12-11,Risk Management,HU,Business Disruption & System Failures,IT Outage,IT Outage incident reported in Payments unit.,Low,81.78,Closed,84.0,Team Lead,False,1,3,2024-12,2024Q4,84.0,31-90 days
NFR-2024472,2024-12-10,2024-12-15,Compliance,HR,"Clients, Products & Business Practices",GDPR / Data Privacy Breach,GDPR / Data Privacy Breach incident reported in HR unit.,Medium,3787.84,Closed,44.0,Risk Officer,True,2,5,2024-12,2024Q4,44.0,31-90 days
NFR-2024694,2024-12-11,2024-12-13,Risk Management,BG,Business Disruption & System Failures,Third-Party Service Outage,Third-Party Service Outage incident reported in Compliance unit.,High,40390.81,In Progress,,IT Support,False,3,2,2024-12,2024Q4,645.0,90+ days
NFR-2024109,2024-12-11,2024-12-23,Payments,RS,Business Disruption & System Failures,IT Outage,IT Outage incident reported in Compliance unit.,Low,456.49,In Progress,,IT Support,False,1,12,2024-12,2024Q4,645.0,90+ days
NFR-2024779,2024-12-11,2024-12-14,Retail Banking,BG,Internal Fraud,Misappropriation of Assets,Misappropriation of Assets incident reported in HR unit.,Low,672.32,Closed,61.0,Branch Manager,False,1,3,2024-12,2024Q4,61.0,31-90 days
NFR-2024412,2024-12-13,2024-12-16,Payments,RO,Damage to Physical Assets,Fire / Flood Damage,Fire / Flood Damage incident reported in Treasury unit.,Low,791.51,Closed,75.0,Risk Officer,True,1,3,2024-12,2024Q4,75.0,31-90 days
NFR-2024173,2024-12-14,2024-12-25,Compliance,SK,Damage to Physical Assets,Natural Disaster,Natural Disaster incident reported in Treasury unit.,High,44366.3,In Progress,,IT Support,True,3,11,2024-12,2024Q4,642.0,90+ days
NFR-2024431,2024-12-14,2024-12-14,Payments,BG,Internal Fraud,Misappropriation of Assets,Misappropriation of Assets incident reported in Risk Management unit.,Low,546.46,Closed,67.0,Branch Manager,False,1,0,2024-12,2024Q4,67.0,31-90 days
NFR-2024208,2024-12-15,2024-12-20,It Operations,HR,Internal Fraud,Intentional Mis-reporting,Intentional Mis-reporting incident reported in Retail Banking unit.,Low,1118.15,Closed,103.0,Customer Service Rep,False,1,5,2024-12,2024Q4,103.0,90+ days
NFR-2024211,2024-12-17,2024-12-21,Treasury,RO,Business Disruption & System Failures,IT Outage,IT Outage incident reported in Compliance unit.,Low,593.11,Closed,18.0,Team Lead,False,1,4,2024-12,2024Q4,18.0,8-30 days
NFR-2024346,2024-12-18,2024-12-20,Treasury,CZ,Business Disruption & System Failures,IT Outage,IT Outage incident reported in HR unit.,Medium,5506.14,Closed,70.0,Customer Service Rep,False,2,2,2024-12,2024Q4,70.0,31-90 days
NFR-2024118,2024-12-18,2024-12-28,Compliance,RS,"Clients, Products & Business Practices",Suitability Breach,Suitability Breach incident reported in HR unit.,Medium,3461.55,Closed,101.0,Risk Officer,False,2,10,2024-12,2024Q4,101.0,90+ days
NFR-2024655,2024-12-19,2024-12-20,Compliance,HR,Internal Fraud,Intentional Mis-reporting,Intentional Mis-reporting incident reported in Risk Management unit.,Medium,2945.76,In Progress,,Compliance Officer,False,2,1,2024-12,2024Q4,637.0,90+ days
NFR-2024732,2024-12-19,2024-12-29,Treasury,HR,Business Disruption & System Failures,Network Failure,Network Failure incident reported in IT Operations unit.,Medium,5931.93,Closed,118.0,Compliance Officer,False,2,10,2024-12,2024Q4,118.0,90+ days
NFR-2024445,2024-12-20,2025-01-01,Retail Banking,SK,Internal Fraud,Misappropriation of Assets,Misappropriation of Assets incident reported in Payments unit.,Low,163.07,Closed,52.0,Compliance Officer,True,1,12,2024-12,2024Q4,52.0,31-90 days
NFR-2024562,2024-12-21,2024-12-31,It Operations,CZ,External Fraud,Card Fraud,Card Fraud incident reported in Risk Management unit.,High,88378.39,In Progress,,Customer Service Rep,True,3,10,2024-12,2024Q4,635.0,90+ days
NFR-2024176,2024-12-25,2025-01-02,Risk Management,HU,"Clients, Products & Business Practices",GDPR / Data Privacy Breach,GDPR / Data Privacy Breach incident reported in Corporate Banking unit.,High,37725.73,Closed,107.0,Compliance Officer,True,3,8,2024-12,2024Q4,107.0,90+ days
NFR-2024172,2024-12-26,2025-01-04,Payments,BG,Damage to Physical Assets,Natural Disaster,Natural Disaster incident reported in Treasury unit.,Medium,4962.13,Closed,73.0,Risk Officer,False,2,9,2024-12,2024Q4,73.0,31-90 days
NFR-2024281,2024-12-26,2024-12-31,It Operations,RO,External Fraud,Card Fraud,Card Fraud incident reported in Retail Banking unit.,Low,455.75,Closed,31.0,Compliance Officer,False,1,5,2024-12,2024Q4,31.0,31-90 days
NFR-2024516,2024-12-27,2025-01-06,Hr,CZ,External Fraud,Phishing / Social Engineering,Phishing / Social Engineering incident reported in Corporate Banking unit.,Low,548.92,In Progress,,IT Support,True,1,10,2024-12,2024Q4,629.0,90+ days
NFR-2024530,2024-12-27,2024-12-28,Risk Management,BG,Internal Fraud,Misappropriation of Assets,Misappropriation of Assets incident reported in Risk Management unit.,Medium,5985.94,Open,,Branch Manager,False,2,1,2024-12,2024Q4,629.0,90+ days
NFR-2024263,2024-12-30,2025-01-09,Corporate Banking,HU,Employment Practices & Workplace Safety,Employee Relations Dispute,Employee Relations Dispute incident reported in Compliance unit.,Low,875.59,In Progress,,Risk Officer,True,1,10,2024-12,2024Q4,626.0,90+ days
NFR-2024148,2025-01-01,2025-01-02,Payments,HU,"Clients, Products & Business Practices",Suitability Breach,Suitability Breach incident reported in Compliance unit.,Medium,11660.99,Closed,51.0,Team Lead,True,2,1,2025-01,2025Q1,51.0,31-90 days
NFR-2024226,2025-01-02,2025-01-02,Corporate Banking,CZ,Employment Practices & Workplace Safety,Health & Safety Incident,Health & Safety Incident incident reported in Treasury unit.,Medium,8253.71,In Progress,,Customer Service Rep,False,2,0,2025-01,2025Q1,623.0,90+ days
NFR-2024053,2025-01-02,2025-01-11,It Operations,RS,Internal Fraud,Unauthorized Transactions,Unauthorized Transactions incident reported in Retail Banking unit.,Low,722.9,In Progress,,IT Support,True,1,9,2025-01,2025Q1,623.0,90+ days
NFR-2024761,2025-01-03,2025-01-08,Hr,CZ,Business Disruption & System Failures,IT Outage,IT Outage incident reported in Retail Banking unit.,Low,536.75,In Progress,,Compliance Officer,False,1,5,2025-01,2025Q1,622.0,90+ days
NFR-2024112,2025-01-05,2025-01-06,Retail Banking,HU,Damage to Physical Assets,Vandalism,Vandalism incident reported in Treasury unit.,Medium,4146.18,Closed,15.0,Customer Service Rep,False,2,1,2025-01,2025Q1,15.0,8-30 days
NFR-2024668,2025-01-07,2025-01-17,Corporate Banking,CZ,"Execution, Delivery & Process Management",Failed Settlement,Failed Settlement incident reported in Corporate Banking unit.,Medium,5477.97,Open,,IT Support,False,2,10,2025-01,2025Q1,618.0,90+ days
NFR-2024496,2025-01-10,2025-01-12,Hr,SK,"Execution, Delivery & Process Management",Failed Settlement,Failed Settlement incident reported in Corporate Banking unit.,Low,297.35,Closed,7.0,Team Lead,False,1,2,2025-01,2025Q1,7.0,0-7 days
NFR-2024267,2025-01-10,2025-01-13,Retail Banking,HU,Business Disruption & System Failures,Third-Party Service Outage,Third-Party Service Outage incident reported in Corporate Banking unit.,Low,456.49,Closed,10.0,IT Support,False,1,3,2025-01,2025Q1,10.0,8-30 days
NFR-2024394,2025-01-11,2025-01-19,Risk Management,BG,Employment Practices & Workplace Safety,Employee Relations Dispute,Employee Relations Dispute incident reported in HR unit.,Low,240.85,In Progress,,IT Support,False,1,8,2025-01,2025Q1,614.0,90+ days
NFR-2024086,2025-01-11,2025-01-23,Corporate Banking,CZ,External Fraud,Phishing / Social Engineering,Phishing / Social Engineering incident reported in Treasury unit.,Medium,7499.73,Closed,103.0,Branch Manager,True,2,12,2025-01,2025Q1,103.0,90+ days
NFR-2024510,2025-01-12,2025-01-17,It Operations,RS,Business Disruption & System Failures,Network Failure,Network Failure incident reported in IT Operations unit.,Medium,4128.72,Open,,Branch Manager,False,2,5,2025-01,2025Q1,613.0,90+ days
NFR-2024036,2025-01-12,2025-01-19,Hr,HR,External Fraud,Phishing / Social Engineering,Phishing / Social Engineering incident reported in Risk Management unit.,Medium,5108.58,Closed,45.0,Branch Manager,False,2,7,2025-01,2025Q1,45.0,31-90 days
NFR-2024415,2025-01-13,2025-01-22,Treasury,RO,Damage to Physical Assets,Vandalism,Vandalism incident reported in IT Operations unit.,Low,139.75,In Progress,,IT Support,False,1,9,2025-01,2025Q1,612.0,90+ days
NFR-2024537,2025-01-14,2025-01-19,It Operations,CZ,Business Disruption & System Failures,Third-Party Service Outage,Third-Party Service Outage incident reported in Risk Management unit.,Critical,348974.94,Open,,Team Lead,False,4,5,2025-01,2025Q1,611.0,90+ days
NFR-2024426,2025-01-14,2025-01-17,Retail Banking,HR,Business Disruption & System Failures,IT Outage,IT Outage incident reported in IT Operations unit.,Low,456.49,Closed,29.0,Compliance Officer,False,1,3,2025-01,2025Q1,29.0,8-30 days
NFR-2024285,2025-01-17,2025-01-19,Risk Management,HU,Damage to Physical Assets,Vandalism,Vandalism incident reported in HR unit.,Medium,3339.6,Closed,63.0,Customer Service Rep,False,2,2,2025-01,2025Q1,63.0,31-90 days
NFR-2024572,2025-01-17,2025-01-19,It Operations,RS,Employment Practices & Workplace Safety,Discrimination Claim,Discrimination Claim incident reported in Retail Banking unit.,Medium,5327.11,Closed,116.0,Team Lead,False,2,2,2025-01,2025Q1,116.0,90+ days
NFR-2024470,2025-01-18,2025-01-20,Risk Management,CZ,Business Disruption & System Failures,Network Failure,Network Failure incident reported in Payments unit.,Low,128.85,Closed,26.0,IT Support,False,1,2,2025-01,2025Q1,26.0,8-30 days
NFR-2024540,2025-01-18,2025-01-30,It Operations,RO,"Execution, Delivery & Process Management",Documentation Error,Documentation Error incident reported in HR unit.,Low,1036.68,In Progress,,Customer Service Rep,False,1,12,2025-01,2025Q1,607.0,90+ days
NFR-2024137,2025-01-18,2025-01-24,Treasury,AT,Business Disruption & System Failures,Third-Party Service Outage,Third-Party Service Outage incident reported in IT Operations unit.,Low,292.54,Closed,87.0,Compliance Officer,False,1,6,2025-01,2025Q1,87.0,31-90 days
NFR-2024656,2025-01-19,2025-01-27,Corporate Banking,HU,Business Disruption & System Failures,Network Failure,Network Failure incident reported in Corporate Banking unit.,Critical,437081.33,Open,,Risk Officer,False,4,8,2025-01,2025Q1,606.0,90+ days
NFR-2024860,2025-01-19,2025-01-30,Retail Banking,AT,Employment Practices & Workplace Safety,Discrimination Claim,Discrimination Claim incident reported in Payments unit.,High,26308.64,Open,,Team Lead,False,3,11,2025-01,2025Q1,606.0,90+ days
NFR-2024611,2025-01-20,2025-01-20,Risk Management,SK,Internal Fraud,Unauthorized Transactions,Unauthorized Transactions incident reported in IT Operations unit.,Low,177.13,Closed,34.0,Branch Manager,False,1,0,2025-01,2025Q1,34.0,31-90 days
NFR-2024862,2025-01-22,2025-02-02,Corporate Banking,HU,"Clients, Products & Business Practices",Mis-selling,Mis-selling incident reported in Corporate Banking unit.,Medium,3784.11,Closed,68.0,Customer Service Rep,True,2,11,2025-01,2025Q1,68.0,31-90 days
NFR-2024616,2025-01-23,2025-01-24,Compliance,CZ,Internal Fraud,Intentional Mis-reporting,Intentional Mis-reporting incident reported in Payments unit.,Low,418.85,Closed,43.0,Risk Officer,False,1,1,2025-01,2025Q1,43.0,31-90 days
NFR-2024126,2025-01-23,2025-01-29,Retail Banking,CZ,"Execution, Delivery & Process Management",Data Entry Error,Data Entry Error incident reported in HR unit.,Low,624.94,Closed,8.0,Branch Manager,False,1,6,2025-01,2025Q1,8.0,8-30 days
NFR-2024280,2025-01-24,2025-02-01,Compliance,CZ,Employment Practices & Workplace Safety,Employee Relations Dispute,Employee Relations Dispute incident reported in Risk Management unit.,Low,621.33,Closed,13.0,Branch Manager,True,1,8,2025-01,2025Q1,13.0,8-30 days
NFR-2024351,2025-01-25,2025-01-29,It Operations,RO,External Fraud,Card Fraud,Card Fraud incident reported in Risk Management unit.,Low,179.99,Closed,6.0,Risk Officer,True,1,4,2025-01,2025Q1,6.0,0-7 days
NFR-2024751,2025-01-25,2025-02-04,Compliance,SK,"Execution, Delivery & Process Management",Failed Settlement,Failed Settlement incident reported in Treasury unit.,High,48081.67,Open,,Risk Officer,True,3,10,2025-01,2025Q1,600.0,90+ days
NFR-2024462,2025-01-25,2025-02-02,Risk Management,CZ,"Execution, Delivery & Process Management",Failed Settlement,Failed Settlement incident reported in Corporate Banking unit.,Medium,3136.21,In Progress,,Team Lead,False,2,8,2025-01,2025Q1,600.0,90+ days
NFR-2024379,2025-02-01,2025-02-01,It Operations,HU,"Execution, Delivery & Process Management",Failed Settlement,Failed Settlement incident reported in Treasury unit.,High,43594.32,Closed,51.0,Customer Service Rep,False,3,0,2025-02,2025Q1,51.0,31-90 days
NFR-2024756,2025-02-02,2025-02-14,It Operations,HR,Business Disruption & System Failures,Network Failure,Network Failure incident reported in Retail Banking unit.,Low,482.9,In Progress,,Branch Manager,True,1,12,2025-02,2025Q1,592.0,90+ days
NFR-2024824,2025-02-04,2025-02-12,Payments,AT,Business Disruption & System Failures,Third-Party Service Outage,Third-Party Service Outage incident reported in IT Operations unit.,Low,456.49,Closed,79.0,Branch Manager,True,1,8,2025-02,2025Q1,79.0,31-90 days
NFR-2024884,2025-02-04,2025-02-10,Retail Banking,RS,Business Disruption & System Failures,Third-Party Service Outage,Third-Party Service Outage incident reported in Corporate Banking unit.,Low,293.02,Open,,Team Lead,True,1,6,2025-02,2025Q1,590.0,90+ days
NFR-2024819,2025-02-06,2025-02-11,Risk Management,HR,External Fraud,Cyber Theft,Cyber Theft incident reported in IT Operations unit.,Low,340.18,Closed,89.0,Compliance Officer,False,1,5,2025-02,2025Q1,89.0,31-90 days
NFR-2024223,2025-02-07,2025-02-15,It Operations,HR,Internal Fraud,Unauthorized Transactions,Unauthorized Transactions incident reported in Treasury unit.,Medium,3194.94,Closed,11.0,IT Support,True,2,8,2025-02,2025Q1,11.0,8-30 days
NFR-2024442,2025-02-09,2025-02-12,Hr,HR,External Fraud,Phishing / Social Engineering,Phishing / Social Engineering incident reported in Corporate Banking unit.,High,64097.31,In Progress,,Team Lead,True,3,3,2025-02,2025Q1,585.0,90+ days
NFR-2024228,2025-02-10,2025-02-15,Payments,SK,"Clients, Products & Business Practices",Suitability Breach,Suitability Breach incident reported in Treasury unit.,Medium,6543.5,Closed,85.0,Team Lead,False,2,5,2025-02,2025Q1,85.0,31-90 days
NFR-2024706,2025-02-14,2025-02-26,Treasury,CZ,Damage to Physical Assets,Fire / Flood Damage,Fire / Flood Damage incident reported in Payments unit.,Low,380.91,In Progress,,Customer Service Rep,True,1,12,2025-02,2025Q1,580.0,90+ days
NFR-2024888,2025-02-14,2025-02-15,Corporate Banking,HU,External Fraud,Card Fraud,Card Fraud incident reported in Treasury unit.,Low,854.03,Closed,119.0,Risk Officer,True,1,1,2025-02,2025Q1,119.0,90+ days
NFR-2024534,2025-02-18,2025-02-19,Risk Management,HU,Internal Fraud,Unauthorized Transactions,Unauthorized Transactions incident reported in IT Operations unit.,Low,1018.41,In Progress,,IT Support,True,1,1,2025-02,2025Q1,576.0,90+ days
NFR-2024023,2025-02-19,2025-02-27,It Operations,HR,External Fraud,Cyber Theft,Cyber Theft incident reported in Risk Management unit.,Medium,10132.29,Closed,39.0,Customer Service Rep,True,2,8,2025-02,2025Q1,39.0,31-90 days
NFR-2024882,2025-02-20,2025-03-02,Payments,BG,"Clients, Products & Business Practices",Suitability Breach,Suitability Breach incident reported in Corporate Banking unit.,Low,1229.49,Open,,Risk Officer,False,1,10,2025-02,2025Q1,574.0,90+ days
NFR-2024429,2025-02-20,2025-02-24,Risk Management,AT,Employment Practices & Workplace Safety,Health & Safety Incident,Health & Safety Incident incident reported in Payments unit.,High,52499.98,Open,,Compliance Officer,True,3,4,2025-02,2025Q1,574.0,90+ days
NFR-2024421,2025-02-20,2025-02-21,Payments,AT,Internal Fraud,Misappropriation of Assets,Misappropriation of Assets incident reported in Corporate Banking unit.,Medium,2781.62,Closed,53.0,Risk Officer,True,2,1,2025-02,2025Q1,53.0,31-90 days
NFR-2024881,2025-02-21,2025-03-03,Treasury,RS,Employment Practices & Workplace Safety,Discrimination Claim,Discrimination Claim incident reported in Treasury unit.,High,33267.89,Open,,Team Lead,False,3,10,2025-02,2025Q1,573.0,90+ days
NFR-2024659,2025-02-22,2025-02-22,Payments,BG,Internal Fraud,Intentional Mis-reporting,Intentional Mis-reporting incident reported in Compliance unit.,Medium,8150.29,In Progress,,Team Lead,False,2,0,2025-02,2025Q1,572.0,90+ days
NFR-2024114,2025-02-22,2025-02-24,Hr,RS,Internal Fraud,Misappropriation of Assets,Misappropriation of Assets incident reported in HR unit.,Low,334.01,Closed,99.0,Customer Service Rep,False,1,2,2025-02,2025Q1,99.0,90+ days
NFR-2024266,2025-02-23,2025-03-05,Corporate Banking,CZ,External Fraud,Cyber Theft,Cyber Theft incident reported in Treasury unit.,Low,424.43,In Progress,,Branch Manager,False,1,10,2025-02,2025Q1,571.0,90+ days
NFR-2024251,2025-02-25,2025-02-26,Payments,SK,"Execution, Delivery & Process Management",Missed SLA,Missed SLA incident reported in IT Operations unit.,Low,316.8,Closed,87.0,Compliance Officer,False,1,1,2025-02,2025Q1,87.0,31-90 days
NFR-2024790,2025-02-25,2025-03-01,Hr,HU,"Execution, Delivery & Process Management",Missed SLA,Missed SLA incident reported in Treasury unit.,Medium,13566.9,In Progress,,Risk Officer,False,2,4,2025-02,2025Q1,569.0,90+ days
NFR-2024784,2025-02-27,2025-02-28,Payments,SK,Internal Fraud,Intentional Mis-reporting,Intentional Mis-reporting incident reported in HR unit.,Low,698.42,Closed,30.0,Customer Service Rep,True,1,1,2025-02,2025Q1,30.0,8-30 days
NFR-2024180,2025-02-27,2025-03-11,Retail Banking,RS,Business Disruption & System Failures,Network Failure,Network Failure incident reported in Risk Management unit.,High,55143.73,Closed,71.0,IT Support,True,3,12,2025-02,2025Q1,71.0,31-90 days
NFR-2024307,2025-02-27,2025-03-02,Treasury,RS,Damage to Physical Assets,Vandalism,Vandalism incident reported in Payments unit.,Low,1101.66,Closed,71.0,Compliance Officer,False,1,3,2025-02,2025Q1,71.0,31-90 days
NFR-2024710,2025-02-28,2025-03-08,Payments,RS,"Execution, Delivery & Process Management",Documentation Error,Documentation Error incident reported in HR unit.,High,118897.45,Closed,73.0,IT Support,False,3,8,2025-02,2025Q1,73.0,31-90 days
NFR-2024269,2025-03-01,2025-03-12,Compliance,RS,External Fraud,Cyber Theft,Cyber Theft incident reported in Treasury unit.,Medium,13664.85,Open,,Team Lead,True,2,11,2025-03,2025Q1,565.0,90+ days
NFR-2024039,2025-03-02,2025-03-11,Payments,RS,External Fraud,Card Fraud,Card Fraud incident reported in Risk Management unit.,Medium,4216.41,Closed,80.0,Compliance Officer,True,2,9,2025-03,2025Q1,80.0,31-90 days
NFR-2024414,2025-03-02,2025-03-04,Treasury,BG,Business Disruption & System Failures,Network Failure,Network Failure incident reported in Corporate Banking unit.,Medium,7221.17,Open,,Branch Manager,False,2,2,2025-03,2025Q1,564.0,90+ days
NFR-2024119,2025-03-02,2025-03-10,Payments,HR,Internal Fraud,Intentional Mis-reporting,Intentional Mis-reporting incident reported in Risk Management unit.,Low,665.26,Closed,50.0,IT Support,False,1,8,2025-03,2025Q1,50.0,31-90 days
NFR-2024101,2025-03-02,2025-03-11,Retail Banking,RO,Employment Practices & Workplace Safety,Health & Safety Incident,Health & Safety Incident incident reported in Payments unit.,Medium,8641.92,In Progress,,Risk Officer,False,2,9,2025-03,2025Q1,564.0,90+ days
NFR-2024282,2025-03-03,2025-03-06,It Operations,HR,Damage to Physical Assets,Fire / Flood Damage,Fire / Flood Damage incident reported in Treasury unit.,Medium,3522.04,Closed,55.0,Team Lead,False,2,3,2025-03,2025Q1,55.0,31-90 days
NFR-2024754,2025-03-03,2025-03-06,Compliance,HR,Internal Fraud,Unauthorized Transactions,Unauthorized Transactions incident reported in Risk Management unit.,Low,970.69,In Progress,,Team Lead,False,1,3,2025-03,2025Q1,563.0,90+ days
NFR-2024825,2025-03-03,2025-03-10,Payments,HU,Internal Fraud,Misappropriation of Assets,Misappropriation of Assets incident reported in IT Operations unit.,High,133659.68,Closed,78.0,Team Lead,True,3,7,2025-03,2025Q1,78.0,31-90 days
NFR-2024352,2025-03-03,2025-03-05,Payments,RO,Business Disruption & System Failures,Third-Party Service Outage,Third-Party Service Outage incident reported in Corporate Banking unit.,High,58645.4,Closed,89.0,Compliance Officer,False,3,2,2025-03,2025Q1,89.0,31-90 days
NFR-2024493,2025-03-04,2025-03-15,Compliance,RO,Business Disruption & System Failures,IT Outage,IT Outage incident reported in HR unit.,Medium,5391.02,Closed,57.0,Risk Officer,True,2,11,2025-03,2025Q1,57.0,31-90 days
NFR-2024604,2025-03-04,2025-03-08,Risk Management,SK,"Clients, Products & Business Practices",Mis-selling,Mis-selling incident reported in HR unit.,Low,282.9,Closed,92.0,Team Lead,False,1,4,2025-03,2025Q1,92.0,90+ days
NFR-2024193,2025-03-06,2025-03-18,It Operations,BG,External Fraud,Cyber Theft,Cyber Theft incident reported in Risk Management unit.,High,87044.29,Closed,48.0,Compliance Officer,False,3,12,2025-03,2025Q1,48.0,31-90 days
NFR-2024430,2025-03-09,2025-03-10,Treasury,CZ,Business Disruption & System Failures,IT Outage,IT Outage incident reported in Corporate Banking unit.,Critical,170028.01,Closed,26.0,Branch Manager,False,4,1,2025-03,2025Q1,26.0,8-30 days
NFR-2024447,2025-03-11,2025-03-21,It Operations,AT,Employment Practices & Workplace Safety,Health & Safety Incident,Health & Safety Incident incident reported in Retail Banking unit.,Low,1002.5,Closed,98.0,Customer Service Rep,False,1,10,2025-03,2025Q1,98.0,90+ days
NFR-2024846,2025-03-11,2025-03-15,Payments,HR,Business Disruption & System Failures,Network Failure,Network Failure incident reported in Risk Management unit.,Medium,16091.39,Closed,35.0,IT Support,True,2,4,2025-03,2025Q1,35.0,31-90 days
NFR-2024396,2025-03-11,2025-03-17,It Operations,CZ,Internal Fraud,Intentional Mis-reporting,Intentional Mis-reporting incident reported in Retail Banking unit.,Low,154.53,Open,,Risk Officer,False,1,6,2025-03,2025Q1,555.0,90+ days
NFR-2024413,2025-03-11,2025-03-17,Retail Banking,SK,"Clients, Products & Business Practices",Mis-selling,Mis-selling incident reported in Risk Management unit.,Low,557.87,Open,,Compliance Officer,False,1,6,2025-03,2025Q1,555.0,90+ days
NFR-2024599,2025-03-12,2025-03-16,Compliance,HR,"Execution, Delivery & Process Management",Documentation Error,Documentation Error incident reported in HR unit.,Low,961.77,Open,,IT Support,False,1,4,2025-03,2025Q1,554.0,90+ days
NFR-2024362,2025-03-14,2025-03-17,Risk Management,HR,"Clients, Products & Business Practices",GDPR / Data Privacy Breach,GDPR / Data Privacy Breach incident reported in Risk Management unit.,Critical,750992.61,Closed,115.0,Team Lead,False,4,3,2025-03,2025Q1,115.0,90+ days
NFR-2024893,2025-03-14,2025-03-20,Risk Management,AT,Damage to Physical Assets,Fire / Flood Damage,Fire / Flood Damage incident reported in Risk Management unit.,Medium,4962.13,Closed,16.0,Risk Officer,False,2,6,2025-03,2025Q1,16.0,8-30 days
NFR-2024153,2025-03-15,2025-03-20,It Operations,HU,Damage to Physical Assets,Fire / Flood Damage,Fire / Flood Damage incident reported in IT Operations unit.,Low,1264.35,Closed,32.0,Customer Service Rep,False,1,5,2025-03,2025Q1,32.0,31-90 days
NFR-2024139,2025-03-18,2025-03-24,Payments,RS,External Fraud,Card Fraud,Card Fraud incident reported in Payments unit.,Medium,2060.96,Open,,Branch Manager,False,2,6,2025-03,2025Q1,548.0,90+ days
NFR-2024831,2025-03-18,2025-03-19,Hr,HU,"Execution, Delivery & Process Management",Documentation Error,Documentation Error incident reported in Risk Management unit.,High,152601.89,Closed,100.0,Branch Manager,False,3,1,2025-03,2025Q1,100.0,90+ days
NFR-2024210,2025-03-19,2025-03-28,Treasury,SK,Business Disruption & System Failures,IT Outage,IT Outage incident reported in Treasury unit.,Medium,1518.8,Closed,66.0,Team Lead,False,2,9,2025-03,2025Q1,66.0,31-90 days
NFR-2024483,2025-03-20,2025-03-22,Payments,HU,Damage to Physical Assets,Fire / Flood Damage,Fire / Flood Damage incident reported in IT Operations unit.,Low,643.16,Closed,52.0,Customer Service Rep,False,1,2,2025-03,2025Q1,52.0,31-90 days
NFR-2024197,2025-03-20,2025-03-30,Risk Management,HU,Damage to Physical Assets,Fire / Flood Damage,Fire / Flood Damage incident reported in HR unit.,Medium,1851.56,Closed,44.0,Branch Manager,False,2,10,2025-03,2025Q1,44.0,31-90 days
NFR-2024007,2025-03-21,2025-03-23,It Operations,SK,"Execution, Delivery & Process Management",Missed SLA,Missed SLA incident reported in Corporate Banking unit.,Low,861.12,Closed,93.0,Customer Service Rep,False,1,2,2025-03,2025Q1,93.0,90+ days
NFR-2024680,2025-03-23,2025-03-23,Compliance,BG,Damage to Physical Assets,Vandalism,Vandalism incident reported in Compliance unit.,Low,841.71,Closed,112.0,Team Lead,True,1,0,2025-03,2025Q1,112.0,90+ days
NFR-2024535,2025-03-23,2025-03-28,Hr,HU,Business Disruption & System Failures,IT Outage,IT Outage incident reported in Treasury unit.,Critical,571325.94,Closed,74.0,Risk Officer,False,4,5,2025-03,2025Q1,74.0,31-90 days
NFR-2024700,2025-03-24,2025-03-28,Risk Management,HR,Damage to Physical Assets,Vandalism,Vandalism incident reported in Retail Banking unit.,Low,163.11,Closed,70.0,Branch Manager,False,1,4,2025-03,2025Q1,70.0,31-90 days
NFR-2024810,2025-03-26,2025-04-06,Treasury,HU,"Clients, Products & Business Practices",GDPR / Data Privacy Breach,GDPR / Data Privacy Breach incident reported in HR unit.,Medium,5206.48,Closed,35.0,Branch Manager,True,2,11,2025-03,2025Q1,35.0,31-90 days
NFR-2024105,2025-03-28,2025-04-07,Risk Management,RO,Business Disruption & System Failures,IT Outage,IT Outage incident reported in IT Operations unit.,Low,456.49,In Progress,,Team Lead,True,1,10,2025-03,2025Q1,538.0,90+ days
NFR-2024300,2025-03-30,2025-04-07,Risk Management,SK,"Execution, Delivery & Process Management",Failed Settlement,Failed Settlement incident reported in Risk Management unit.,High,82621.34,Open,,IT Support,True,3,8,2025-03,2025Q1,536.0,90+ days
NFR-2024087,2025-04-02,2025-04-02,Compliance,RS,External Fraud,Cyber Theft,Cyber Theft incident reported in Retail Banking unit.,Low,209.43,Closed,117.0,IT Support,False,1,0,2025-04,2025Q2,117.0,90+ days
NFR-2024721,2025-04-03,2025-04-15,Hr,RS,External Fraud,Phishing / Social Engineering,Phishing / Social Engineering incident reported in Retail Banking unit.,Low,690.76,In Progress,,Compliance Officer,False,1,12,2025-04,2025Q2,532.0,90+ days
NFR-2024726,2025-04-04,2025-04-06,Corporate Banking,CZ,"Clients, Products & Business Practices",Mis-selling,Mis-selling incident reported in Risk Management unit.,Medium,2670.6,Closed,29.0,Risk Officer,False,2,2,2025-04,2025Q2,29.0,8-30 days
NFR-2024147,2025-04-07,2025-04-08,Corporate Banking,RO,Employment Practices & Workplace Safety,Employee Relations Dispute,Employee Relations Dispute incident reported in Compliance unit.,Low,456.47,Closed,113.0,Team Lead,True,1,1,2025-04,2025Q2,113.0,90+ days
NFR-2024543,2025-04-09,2025-04-19,Treasury,HU,Internal Fraud,Intentional Mis-reporting,Intentional Mis-reporting incident reported in Payments unit.,Medium,16727.07,Closed,46.0,Compliance Officer,False,2,10,2025-04,2025Q2,46.0,31-90 days
NFR-2024554,2025-04-10,2025-04-17,Corporate Banking,CZ,"Clients, Products & Business Practices",GDPR / Data Privacy Breach,GDPR / Data Privacy Breach incident reported in Retail Banking unit.,Medium,10328.12,Closed,117.0,IT Support,False,2,7,2025-04,2025Q2,117.0,90+ days
NFR-2024305,2025-04-11,2025-04-15,Risk Management,HU,Internal Fraud,Intentional Mis-reporting,Intentional Mis-reporting incident reported in IT Operations unit.,Medium,10059.15,Closed,91.0,Customer Service Rep,False,2,4,2025-04,2025Q2,91.0,90+ days
NFR-2024293,2025-04-11,2025-04-22,Retail Banking,RO,Damage to Physical Assets,Fire / Flood Damage,Fire / Flood Damage incident reported in HR unit.,Low,1957.27,Closed,120.0,Team Lead,True,1,11,2025-04,2025Q2,120.0,90+ days
NFR-2024113,2025-04-12,2025-04-21,Risk Management,RO,"Clients, Products & Business Practices",Mis-selling,Mis-selling incident reported in HR unit.,Medium,5117.5,Open,,Compliance Officer,True,2,9,2025-04,2025Q2,523.0,90+ days
NFR-2024201,2025-04-12,2025-04-16,Retail Banking,SK,Internal Fraud,Misappropriation of Assets,Misappropriation of Assets incident reported in IT Operations unit.,Medium,3203.68,In Progress,,Compliance Officer,False,2,4,2025-04,2025Q2,523.0,90+ days
NFR-2024832,2025-04-13,2025-04-19,Compliance,AT,"Execution, Delivery & Process Management",Documentation Error,Documentation Error incident reported in Payments unit.,Medium,2263.56,In Progress,,Customer Service Rep,False,2,6,2025-04,2025Q2,522.0,90+ days
NFR-2024390,2025-04-13,2025-04-20,Treasury,CZ,Employment Practices & Workplace Safety,Employee Relations Dispute,Employee Relations Dispute incident reported in IT Operations unit.,Medium,3367.66,Open,,Team Lead,False,2,7,2025-04,2025Q2,522.0,90+ days
NFR-2024642,2025-04-14,2025-04-20,Retail Banking,HU,Employment Practices & Workplace Safety,Discrimination Claim,Discrimination Claim incident reported in IT Operations unit.,High,39214.91,In Progress,,Risk Officer,False,3,6,2025-04,2025Q2,521.0,90+ days
NFR-2024733,2025-04-15,2025-04-21,Payments,SK,"Execution, Delivery & Process Management",Missed SLA,Missed SLA incident reported in Compliance unit.,Low,301.56,Closed,70.0,Compliance Officer,False,1,6,2025-04,2025Q2,70.0,31-90 days
NFR-2024820,2025-04-17,2025-04-19,Corporate Banking,CZ,Business Disruption & System Failures,Network Failure,Network Failure incident reported in Risk Management unit.,Low,357.47,Closed,5.0,IT Support,False,1,2,2025-04,2025Q2,5.0,0-7 days
NFR-2024653,2025-04-18,2025-04-27,Compliance,HU,Business Disruption & System Failures,IT Outage,IT Outage incident reported in Compliance unit.,Low,238.84,Closed,82.0,Customer Service Rep,False,1,9,2025-04,2025Q2,82.0,31-90 days
NFR-2024532,2025-04-18,2025-04-28,Risk Management,BG,Internal Fraud,Unauthorized Transactions,Unauthorized Transactions incident reported in Treasury unit.,Low,315.38,Open,,IT Support,True,1,10,2025-04,2025Q2,517.0,90+ days
NFR-2024692,2025-04-18,2025-04-28,It Operations,SK,Business Disruption & System Failures,Network Failure,Network Failure incident reported in Compliance unit.,Low,741.8,Closed,67.0,Branch Manager,False,1,10,2025-04,2025Q2,67.0,31-90 days
NFR-2024012,2025-04-18,2025-04-21,Risk Management,CZ,External Fraud,Phishing / Social Engineering,Phishing / Social Engineering incident reported in Retail Banking unit.,Low,1076.64,Closed,10.0,Compliance Officer,False,1,3,2025-04,2025Q2,10.0,8-30 days
NFR-2024339,2025-04-19,2025-05-01,Hr,HR,Damage to Physical Assets,Natural Disaster,Natural Disaster incident reported in Retail Banking unit.,Critical,734014.28,Open,,Branch Manager,True,4,12,2025-04,2025Q2,516.0,90+ days
NFR-2024057,2025-04-20,2025-05-01,Hr,AT,Business Disruption & System Failures,IT Outage,IT Outage incident reported in IT Operations unit.,Medium,2770.87,In Progress,,Compliance Officer,False,2,11,2025-04,2025Q2,515.0,90+ days
NFR-2024436,2025-04-23,2025-05-02,Compliance,RS,"Clients, Products & Business Practices",Suitability Breach,Suitability Breach incident reported in Corporate Banking unit.,Medium,5600.08,Closed,110.0,Branch Manager,False,2,9,2025-04,2025Q2,110.0,90+ days
NFR-2024097,2025-04-23,2025-04-30,Retail Banking,RS,External Fraud,Phishing / Social Engineering,Phishing / Social Engineering incident reported in Payments unit.,Critical,355964.71,Closed,64.0,Branch Manager,True,4,7,2025-04,2025Q2,64.0,31-90 days
NFR-2024889,2025-04-23,2025-04-30,Hr,HU,Damage to Physical Assets,Fire / Flood Damage,Fire / Flood Damage incident reported in IT Operations unit.,Low,307.13,Closed,45.0,Customer Service Rep,False,1,7,2025-04,2025Q2,45.0,31-90 days
NFR-2024626,2025-04-24,2025-05-03,Compliance,HU,Employment Practices & Workplace Safety,Discrimination Claim,Discrimination Claim incident reported in Retail Banking unit.,Low,917.58,In Progress,,Compliance Officer,False,1,9,2025-04,2025Q2,511.0,90+ days
NFR-2024681,2025-04-24,2025-05-03,Corporate Banking,RS,Damage to Physical Assets,Natural Disaster,Natural Disaster incident reported in Risk Management unit.,Medium,3286.16,Closed,25.0,Customer Service Rep,True,2,9,2025-04,2025Q2,25.0,8-30 days
NFR-2024815,2025-04-29,2025-04-29,Compliance,HU,"Execution, Delivery & Process Management",Documentation Error,Documentation Error incident reported in Risk Management unit.,Low,1037.04,In Progress,,Risk Officer,False,1,0,2025-04,2025Q2,506.0,90+ days
NFR-2024843,2025-04-29,2025-05-11,Risk Management,HU,External Fraud,Phishing / Social Engineering,Phishing / Social Engineering incident reported in IT Operations unit.,Medium,7066.0,Closed,9.0,Compliance Officer,False,2,12,2025-04,2025Q2,9.0,8-30 days
NFR-2024064,2025-04-30,2025-05-01,Corporate Banking,CZ,Employment Practices & Workplace Safety,Discrimination Claim,Discrimination Claim incident reported in Compliance unit.,Medium,10306.87,Open,,Team Lead,False,2,1,2025-04,2025Q2,505.0,90+ days
NFR-2024407,2025-04-30,2025-05-05,Treasury,HR,Internal Fraud,Unauthorized Transactions,Unauthorized Transactions incident reported in HR unit.,High,32584.73,In Progress,,Risk Officer,False,3,5,2025-04,2025Q2,505.0,90+ days
NFR-2024580,2025-05-02,2025-05-07,Payments,SK,Internal Fraud,Misappropriation of Assets,Misappropriation of Assets incident reported in HR unit.,High,78732.48,Closed,99.0,Branch Manager,True,3,5,2025-05,2025Q2,99.0,90+ days
NFR-2024690,2025-05-02,2025-05-09,Risk Management,AT,"Clients, Products & Business Practices",Mis-selling,Mis-selling incident reported in Risk Management unit.,Low,1217.43,Closed,110.0,IT Support,False,1,7,2025-05,2025Q2,110.0,90+ days
NFR-2024837,2025-05-03,2025-05-03,Hr,RO,Damage to Physical Assets,Natural Disaster,Natural Disaster incident reported in Payments unit.,Low,602.26,Closed,47.0,Branch Manager,False,1,0,2025-05,2025Q2,47.0,31-90 days
NFR-2024576,2025-05-06,2025-05-10,Corporate Banking,BG,Business Disruption & System Failures,Third-Party Service Outage,Third-Party Service Outage incident reported in IT Operations unit.,Low,345.22,In Progress,,Branch Manager,False,1,4,2025-05,2025Q2,499.0,90+ days
NFR-2024437,2025-05-07,2025-05-18,Compliance,RS,"Clients, Products & Business Practices",Suitability Breach,Suitability Breach incident reported in Treasury unit.,Low,319.08,Closed,105.0,Team Lead,True,1,11,2025-05,2025Q2,105.0,90+ days
NFR-2024519,2025-05-07,2025-05-18,Compliance,HU,Employment Practices & Workplace Safety,Health & Safety Incident,Health & Safety Incident incident reported in Risk Management unit.,Medium,5408.88,Closed,78.0,Team Lead,False,2,11,2025-05,2025Q2,78.0,31-90 days
NFR-2024190,2025-05-08,2025-05-09,It Operations,RO,Employment Practices & Workplace Safety,Health & Safety Incident,Health & Safety Incident incident reported in IT Operations unit.,Medium,2572.56,In Progress,,Risk Officer,False,2,1,2025-05,2025Q2,497.0,90+ days
NFR-2024238,2025-05-09,2025-05-11,Risk Management,RO,"Clients, Products & Business Practices",Suitability Breach,Suitability Breach incident reported in HR unit.,High,134104.72,Closed,72.0,Compliance Officer,False,3,2,2025-05,2025Q2,72.0,31-90 days
NFR-2024546,2025-05-10,2025-05-19,Treasury,RO,Internal Fraud,Misappropriation of Assets,Misappropriation of Assets incident reported in Payments unit.,Critical,506149.79,Closed,1.0,Team Lead,False,4,9,2025-05,2025Q2,1.0,0-7 days
NFR-2024752,2025-05-13,2025-05-22,Hr,SK,Damage to Physical Assets,Vandalism,Vandalism incident reported in Retail Banking unit.,Low,422.33,Closed,56.0,IT Support,False,1,9,2025-05,2025Q2,56.0,31-90 days
NFR-2024229,2025-05-14,2025-05-17,Compliance,HU,Employment Practices & Workplace Safety,Discrimination Claim,Discrimination Claim incident reported in Compliance unit.,Low,122.92,Open,,Branch Manager,True,1,3,2025-05,2025Q2,491.0,90+ days
NFR-2024328,2025-05-15,2025-05-25,Retail Banking,SK,Internal Fraud,Unauthorized Transactions,Unauthorized Transactions incident reported in Retail Banking unit.,Medium,1721.56,Open,,Team Lead,True,2,10,2025-05,2025Q2,490.0,90+ days
NFR-2024008,2025-05-15,2025-05-15,Compliance,RO,"Execution, Delivery & Process Management",Data Entry Error,Data Entry Error incident reported in Payments unit.,Medium,2180.82,Open,,Branch Manager,False,2,0,2025-05,2025Q2,490.0,90+ days
NFR-2024500,2025-05-15,2025-05-23,Treasury,RS,Business Disruption & System Failures,Network Failure,Network Failure incident reported in HR unit.,Low,705.84,Closed,88.0,IT Support,False,1,8,2025-05,2025Q2,88.0,31-90 days
NFR-2024720,2025-05-17,2025-05-20,Compliance,BG,External Fraud,Card Fraud,Card Fraud incident reported in Corporate Banking unit.,Critical,3414938.51,Closed,6.0,Team Lead,False,4,3,2025-05,2025Q2,6.0,0-7 days
NFR-2024178,2025-05-17,2025-05-19,Retail Banking,RO,"Clients, Products & Business Practices",Suitability Breach,Suitability Breach incident reported in Risk Management unit.,Medium,4338.29,Open,,Branch Manager,False,2,2,2025-05,2025Q2,488.0,90+ days
NFR-2024419,2025-05-18,2025-05-18,Treasury,HR,Employment Practices & Workplace Safety,Health & Safety Incident,Health & Safety Incident incident reported in Corporate Banking unit.,Medium,3354.79,In Progress,,IT Support,False,2,0,2025-05,2025Q2,487.0,90+ days
NFR-2024384,2025-05-21,2025-05-22,Payments,RO,"Execution, Delivery & Process Management",Documentation Error,Documentation Error incident reported in Risk Management unit.,High,40389.88,In Progress,,Risk Officer,False,3,1,2025-05,2025Q2,484.0,90+ days
NFR-2024324,2025-05-24,2025-05-26,Retail Banking,RO,Employment Practices & Workplace Safety,Health & Safety Incident,Health & Safety Incident incident reported in Compliance unit.,Low,1331.06,Closed,1.0,Team Lead,False,1,2,2025-05,2025Q2,1.0,0-7 days
NFR-2024443,2025-05-24,2025-05-29,Retail Banking,HU,"Clients, Products & Business Practices",GDPR / Data Privacy Breach,GDPR / Data Privacy Breach incident reported in Corporate Banking unit.,Low,597.66,In Progress,,Team Lead,False,1,5,2025-05,2025Q2,481.0,90+ days
NFR-2024645,2025-05-26,2025-05-29,It Operations,HR,Internal Fraud,Intentional Mis-reporting,Intentional Mis-reporting incident reported in Treasury unit.,Low,449.29,Open,,Compliance Officer,False,1,3,2025-05,2025Q2,479.0,90+ days
NFR-2024313,2025-05-28,2025-06-01,Compliance,AT,"Clients, Products & Business Practices",Suitability Breach,Suitability Breach incident reported in Compliance unit.,Low,324.76,Closed,70.0,Customer Service Rep,True,1,4,2025-05,2025Q2,70.0,31-90 days
NFR-2024591,2025-05-30,2025-05-31,Hr,BG,Employment Practices & Workplace Safety,Health & Safety Incident,Health & Safety Incident incident reported in Payments unit.,Medium,5157.9,Open,,Team Lead,True,2,1,2025-05,2025Q2,475.0,90+ days
NFR-2024539,2025-05-30,2025-06-08,It Operations,HU,Damage to Physical Assets,Natural Disaster,Natural Disaster incident reported in Risk Management unit.,Medium,5309.01,Closed,86.0,Compliance Officer,False,2,9,2025-05,2025Q2,86.0,31-90 days
NFR-2024453,2025-05-31,2025-05-31,Risk Management,HU,Employment Practices & Workplace Safety,Discrimination Claim,Discrimination Claim incident reported in Risk Management unit.,Medium,6996.31,Closed,53.0,IT Support,False,2,0,2025-05,2025Q2,53.0,31-90 days
NFR-2024899,2025-06-01,2025-06-08,Treasury,HU,Damage to Physical Assets,Fire / Flood Damage,Fire / Flood Damage incident reported in Retail Banking unit.,High,94746.12,Closed,20.0,Customer Service Rep,False,3,7,2025-06,2025Q2,20.0,8-30 days
NFR-2024063,2025-06-01,2025-06-10,Corporate Banking,HU,Damage to Physical Assets,Fire / Flood Damage,Fire / Flood Damage incident reported in Payments unit.,Low,299.04,Closed,102.0,Compliance Officer,False,1,9,2025-06,2025Q2,102.0,90+ days
NFR-2024747,2025-06-03,2025-06-03,Payments,HU,"Execution, Delivery & Process Management",Data Entry Error,Data Entry Error incident reported in Corporate Banking unit.,Low,703.59,Open,,Compliance Officer,False,1,0,2025-06,2025Q2,471.0,90+ days
NFR-2024402,2025-06-03,2025-06-06,Compliance,BG,"Clients, Products & Business Practices",GDPR / Data Privacy Breach,GDPR / Data Privacy Breach incident reported in IT Operations unit.,Low,1020.03,Closed,88.0,Compliance Officer,False,1,3,2025-06,2025Q2,88.0,31-90 days
NFR-2024014,2025-06-04,2025-06-05,Corporate Banking,HU,Damage to Physical Assets,Natural Disaster,Natural Disaster incident reported in Payments unit.,Low,544.14,Closed,9.0,Branch Manager,False,1,1,2025-06,2025Q2,9.0,8-30 days
NFR-2024207,2025-06-04,2025-06-12,Risk Management,HR,Damage to Physical Assets,Fire / Flood Damage,Fire / Flood Damage incident reported in Payments unit.,Low,849.92,In Progress,,Team Lead,False,1,8,2025-06,2025Q2,470.0,90+ days
NFR-2024508,2025-06-05,2025-06-11,Hr,HU,Internal Fraud,Unauthorized Transactions,Unauthorized Transactions incident reported in Treasury unit.,Low,599.47,Closed,50.0,Branch Manager,False,1,6,2025-06,2025Q2,50.0,31-90 days
NFR-2024068,2025-06-08,2025-06-09,Corporate Banking,BG,"Clients, Products & Business Practices",GDPR / Data Privacy Breach,GDPR / Data Privacy Breach incident reported in IT Operations unit.,Low,322.9,In Progress,,Team Lead,True,1,1,2025-06,2025Q2,466.0,90+ days
NFR-2024578,2025-06-09,2025-06-10,Treasury,HR,Employment Practices & Workplace Safety,Employee Relations Dispute,Employee Relations Dispute incident reported in Treasury unit.,Medium,1912.36,In Progress,,IT Support,False,2,1,2025-06,2025Q2,465.0,90+ days
NFR-2024358,2025-06-09,2025-06-18,Corporate Banking,AT,Internal Fraud,Unauthorized Transactions,Unauthorized Transactions incident reported in Retail Banking unit.,High,166661.47,Open,,Team Lead,True,3,9,2025-06,2025Q2,465.0,90+ days
NFR-2024372,2025-06-11,2025-06-18,Treasury,SK,"Clients, Products & Business Practices",GDPR / Data Privacy Breach,GDPR / Data Privacy Breach incident reported in Payments unit.,Low,1791.93,Closed,71.0,Compliance Officer,True,1,7,2025-06,2025Q2,71.0,31-90 days
NFR-2024634,2025-06-12,2025-06-12,Hr,AT,Damage to Physical Assets,Fire / Flood Damage,Fire / Flood Damage incident reported in Treasury unit.,High,64669.85,Closed,52.0,Compliance Officer,True,3,0,2025-06,2025Q2,52.0,31-90 days
NFR-2024809,2025-06-13,2025-06-22,Risk Management,RS,Employment Practices & Workplace Safety,Health & Safety Incident,Health & Safety Incident incident reported in Retail Banking unit.,Low,730.22,Open,,Customer Service Rep,False,1,9,2025-06,2025Q2,461.0,90+ days
NFR-2024666,2025-06-13,2025-06-19,Treasury,SK,Damage to Physical Assets,Fire / Flood Damage,Fire / Flood Damage incident reported in Compliance unit.,High,51968.7,Closed,116.0,Compliance Officer,False,3,6,2025-06,2025Q2,116.0,90+ days
NFR-2024646,2025-06-13,2025-06-14,Compliance,CZ,External Fraud,Card Fraud,Card Fraud incident reported in HR unit.,Low,679.99,Closed,11.0,Compliance Officer,False,1,1,2025-06,2025Q2,11.0,8-30 days
NFR-2024355,2025-06-14,2025-06-18,Hr,SK,Employment Practices & Workplace Safety,Discrimination Claim,Discrimination Claim incident reported in Treasury unit.,Low,510.44,Closed,63.0,Team Lead,False,1,4,2025-06,2025Q2,63.0,31-90 days
NFR-2024441,2025-06-15,2025-06-22,Compliance,BG,Business Disruption & System Failures,Third-Party Service Outage,Third-Party Service Outage incident reported in Risk Management unit.,Low,468.77,In Progress,,Customer Service Rep,False,1,7,2025-06,2025Q2,459.0,90+ days
NFR-2024361,2025-06-16,2025-06-18,It Operations,AT,Employment Practices & Workplace Safety,Discrimination Claim,Discrimination Claim incident reported in Risk Management unit.,Medium,2878.6,Closed,47.0,Team Lead,False,2,2,2025-06,2025Q2,47.0,31-90 days
NFR-2024609,2025-06-17,2025-06-19,Corporate Banking,CZ,Damage to Physical Assets,Vandalism,Vandalism incident reported in HR unit.,Medium,4962.13,Closed,38.0,Risk Officer,False,2,2,2025-06,2025Q2,38.0,31-90 days
NFR-2024240,2025-06-17,2025-06-21,Retail Banking,SK,"Clients, Products & Business Practices",GDPR / Data Privacy Breach,GDPR / Data Privacy Breach incident reported in Risk Management unit.,Medium,17568.24,Closed,77.0,Risk Officer,True,2,4,2025-06,2025Q2,77.0,31-90 days
NFR-2024878,2025-06-18,2025-06-22,Compliance,HU,"Execution, Delivery & Process Management",Documentation Error,Documentation Error incident reported in Corporate Banking unit.,Low,197.4,Open,,IT Support,False,1,4,2025-06,2025Q2,456.0,90+ days
NFR-2024331,2025-06-19,2025-06-26,Retail Banking,BG,External Fraud,Card Fraud,Card Fraud incident reported in Corporate Banking unit.,Medium,12782.45,Closed,23.0,IT Support,False,2,7,2025-06,2025Q2,23.0,8-30 days
NFR-2024507,2025-06-20,2025-06-28,It Operations,SK,"Clients, Products & Business Practices",Mis-selling,Mis-selling incident reported in Retail Banking unit.,Medium,18831.64,Closed,22.0,Customer Service Rep,False,2,8,2025-06,2025Q2,22.0,8-30 days
NFR-2024571,2025-06-23,2025-06-30,Compliance,RS,"Execution, Delivery & Process Management",Documentation Error,Documentation Error incident reported in HR unit.,Low,316.99,Closed,65.0,Branch Manager,False,1,7,2025-06,2025Q2,65.0,31-90 days
NFR-2024401,2025-06-24,2025-06-24,Corporate Banking,RS,"Clients, Products & Business Practices",Mis-selling,Mis-selling incident reported in Corporate Banking unit.,Medium,6411.08,Closed,41.0,IT Support,False,2,0,2025-06,2025Q2,41.0,31-90 days
NFR-2024317,2025-06-24,2025-06-24,Corporate Banking,SK,External Fraud,Phishing / Social Engineering,Phishing / Social Engineering incident reported in HR unit.,Low,1008.55,In Progress,,Compliance Officer,False,1,0,2025-06,2025Q2,450.0,90+ days
NFR-2024481,2025-06-24,2025-07-05,Payments,RS,Employment Practices & Workplace Safety,Health & Safety Incident,Health & Safety Incident incident reported in Compliance unit.,Low,928.36,In Progress,,Branch Manager,False,1,11,2025-06,2025Q2,450.0,90+ days
NFR-2024804,2025-06-25,2025-07-07,Hr,RS,External Fraud,Card Fraud,Card Fraud incident reported in Risk Management unit.,Low,478.17,Closed,97.0,Customer Service Rep,False,1,12,2025-06,2025Q2,97.0,90+ days
NFR-2024871,2025-06-26,2025-07-03,Retail Banking,RS,Employment Practices & Workplace Safety,Discrimination Claim,Discrimination Claim incident reported in Treasury unit.,Low,1587.55,In Progress,,Team Lead,True,1,7,2025-06,2025Q2,448.0,90+ days
NFR-2024517,2025-06-27,2025-07-02,Hr,RO,Damage to Physical Assets,Natural Disaster,Natural Disaster incident reported in IT Operations unit.,Low,420.08,Closed,87.0,Compliance Officer,False,1,5,2025-06,2025Q2,87.0,31-90 days
NFR-2024121,2025-06-30,2025-07-10,Compliance,BG,Employment Practices & Workplace Safety,Health & Safety Incident,Health & Safety Incident incident reported in Risk Management unit.,Low,743.06,Closed,34.0,Risk Officer,False,1,10,2025-06,2025Q2,34.0,31-90 days
NFR-2024553,2025-06-30,2025-07-08,Retail Banking,CZ,External Fraud,Phishing / Social Engineering,Phishing / Social Engineering incident reported in HR unit.,Low,960.93,Open,,IT Support,False,1,8,2025-06,2025Q2,444.0,90+ days
NFR-2024259,2025-07-01,2025-07-01,Corporate Banking,SK,Employment Practices & Workplace Safety,Discrimination Claim,Discrimination Claim incident reported in Retail Banking unit.,Low,361.69,In Progress,,Compliance Officer,True,1,0,2025-07,2025Q3,443.0,90+ days
NFR-2024764,2025-07-03,2025-07-03,It Operations,HR,External Fraud,Phishing / Social Engineering,Phishing / Social Engineering incident reported in Treasury unit.,Low,2844.17,Closed,96.0,IT Support,True,1,0,2025-07,2025Q3,96.0,90+ days
NFR-2024555,2025-07-04,2025-07-04,Retail Banking,AT,Business Disruption & System Failures,Network Failure,Network Failure incident reported in IT Operations unit.,High,26044.75,Closed,112.0,Team Lead,False,3,0,2025-07,2025Q3,112.0,90+ days
NFR-2024369,2025-07-05,2025-07-10,Hr,RS,Internal Fraud,Misappropriation of Assets,Misappropriation of Assets incident reported in Risk Management unit.,Low,406.75,Open,,Team Lead,True,1,5,2025-07,2025Q3,439.0,90+ days
NFR-2024773,2025-07-06,2025-07-16,Retail Banking,SK,Business Disruption & System Failures,Network Failure,Network Failure incident reported in Treasury unit.,Medium,11671.64,In Progress,,Risk Officer,False,2,10,2025-07,2025Q3,438.0,90+ days
NFR-2024128,2025-07-07,2025-07-12,Treasury,CZ,Damage to Physical Assets,Vandalism,Vandalism incident reported in Compliance unit.,Medium,2210.78,Closed,95.0,Branch Manager,True,2,5,2025-07,2025Q3,95.0,90+ days
NFR-2024584,2025-07-07,2025-07-12,It Operations,RO,"Clients, Products & Business Practices",Mis-selling,Mis-selling incident reported in Compliance unit.,Low,1187.3,Open,,Team Lead,False,1,5,2025-07,2025Q3,437.0,90+ days
NFR-2024016,2025-07-10,2025-07-21,Retail Banking,RO,Employment Practices & Workplace Safety,Discrimination Claim,Discrimination Claim incident reported in Corporate Banking unit.,Low,539.1,In Progress,,Team Lead,True,1,11,2025-07,2025Q3,434.0,90+ days
NFR-2024179,2025-07-11,2025-07-17,Hr,BG,Business Disruption & System Failures,Network Failure,Network Failure incident reported in Risk Management unit.,Low,477.29,In Progress,,IT Support,False,1,6,2025-07,2025Q3,433.0,90+ days
NFR-2024311,2025-07-12,2025-07-15,Treasury,RS,"Clients, Products & Business Practices",GDPR / Data Privacy Breach,GDPR / Data Privacy Breach incident reported in Compliance unit.,Low,724.24,Closed,61.0,Customer Service Rep,True,1,3,2025-07,2025Q3,61.0,31-90 days
NFR-2024533,2025-07-12,2025-07-14,Payments,AT,Internal Fraud,Misappropriation of Assets,Misappropriation of Assets incident reported in HR unit.,Medium,3439.54,Closed,19.0,Branch Manager,False,2,2,2025-07,2025Q3,19.0,8-30 days
NFR-2024045,2025-07-16,2025-07-18,Risk Management,HU,"Clients, Products & Business Practices",Mis-selling,Mis-selling incident reported in IT Operations unit.,Low,786.78,Closed,57.0,Branch Manager,True,1,2,2025-07,2025Q3,57.0,31-90 days
NFR-2024836,2025-07-16,2025-07-25,It Operations,RO,"Execution, Delivery & Process Management",Data Entry Error,Data Entry Error incident reported in HR unit.,High,105166.84,Closed,70.0,Customer Service Rep,True,3,9,2025-07,2025Q3,70.0,31-90 days
NFR-2024044,2025-07-17,2025-07-17,It Operations,RS,Business Disruption & System Failures,Network Failure,Network Failure incident reported in Retail Banking unit.,High,71293.94,Closed,41.0,Compliance Officer,True,3,0,2025-07,2025Q3,41.0,31-90 days
NFR-2024411,2025-07-19,2025-07-23,Treasury,RO,Employment Practices & Workplace Safety,Discrimination Claim,Discrimination Claim incident reported in IT Operations unit.,Low,352.16,Closed,97.0,IT Support,True,1,4,2025-07,2025Q3,97.0,90+ days
NFR-2024821,2025-07-19,2025-07-30,Payments,AT,Business Disruption & System Failures,Third-Party Service Outage,Third-Party Service Outage incident reported in HR unit.,High,36541.05,Closed,120.0,Compliance Officer,False,3,11,2025-07,2025Q3,120.0,90+ days
NFR-2024795,2025-07-20,2025-07-29,Payments,RS,"Execution, Delivery & Process Management",Failed Settlement,Failed Settlement incident reported in Retail Banking unit.,Low,315.21,In Progress,,Branch Manager,True,1,9,2025-07,2025Q3,424.0,90+ days
NFR-2024538,2025-07-20,2025-07-29,Hr,RS,"Clients, Products & Business Practices",GDPR / Data Privacy Breach,GDPR / Data Privacy Breach incident reported in Corporate Banking unit.,Low,218.59,In Progress,,Team Lead,False,1,9,2025-07,2025Q3,424.0,90+ days
NFR-2024035,2025-07-23,2025-07-23,Corporate Banking,RS,Damage to Physical Assets,Fire / Flood Damage,Fire / Flood Damage incident reported in Payments unit.,High,51064.12,Closed,25.0,Compliance Officer,False,3,0,2025-07,2025Q3,25.0,8-30 days
NFR-2024425,2025-07-23,2025-08-03,Hr,CZ,Internal Fraud,Intentional Mis-reporting,Intentional Mis-reporting incident reported in Risk Management unit.,Low,657.62,Closed,98.0,Compliance Officer,False,1,11,2025-07,2025Q3,98.0,90+ days
NFR-2024730,2025-07-24,2025-07-26,Compliance,CZ,External Fraud,Cyber Theft,Cyber Theft incident reported in Retail Banking unit.,Medium,8108.87,Open,,IT Support,False,2,2,2025-07,2025Q3,420.0,90+ days
NFR-2024338,2025-07-25,2025-08-06,Hr,SK,"Clients, Products & Business Practices",GDPR / Data Privacy Breach,GDPR / Data Privacy Breach incident reported in Payments unit.,Low,827.34,Open,,Compliance Officer,False,1,12,2025-07,2025Q3,419.0,90+ days
NFR-2024557,2025-07-25,2025-07-28,Payments,CZ,Employment Practices & Workplace Safety,Employee Relations Dispute,Employee Relations Dispute incident reported in Retail Banking unit.,Low,203.65,Closed,95.0,Compliance Officer,False,1,3,2025-07,2025Q3,95.0,90+ days
NFR-2024264,2025-07-26,2025-07-30,Payments,HR,Internal Fraud,Misappropriation of Assets,Misappropriation of Assets incident reported in Risk Management unit.,Medium,1268.94,Closed,63.0,Team Lead,True,2,4,2025-07,2025Q3,63.0,31-90 days
NFR-2024418,2025-07-26,2025-07-27,Retail Banking,HU,Damage to Physical Assets,Fire / Flood Damage,Fire / Flood Damage incident reported in Retail Banking unit.,Low,739.3,In Progress,,Customer Service Rep,False,1,1,2025-07,2025Q3,418.0,90+ days
NFR-2024218,2025-07-28,2025-08-09,Corporate Banking,BG,Damage to Physical Assets,Fire / Flood Damage,Fire / Flood Damage incident reported in Payments unit.,Medium,4962.13,Closed,2.0,Team Lead,False,2,12,2025-07,2025Q3,2.0,0-7 days
NFR-2024847,2025-07-29,2025-07-29,Treasury,AT,Employment Practices & Workplace Safety,Health & Safety Incident,Health & Safety Incident incident reported in HR unit.,Low,573.85,Closed,14.0,Branch Manager,False,1,0,2025-07,2025Q3,14.0,8-30 days
NFR-2024152,2025-07-30,2025-07-30,Risk Management,HU,Business Disruption & System Failures,IT Outage,IT Outage incident reported in Treasury unit.,Low,1541.27,Closed,22.0,Compliance Officer,False,1,0,2025-07,2025Q3,22.0,8-30 days
NFR-2024675,2025-07-30,2025-08-05,Hr,RS,Employment Practices & Workplace Safety,Health & Safety Incident,Health & Safety Incident incident reported in Treasury unit.,Low,471.51,Closed,1.0,IT Support,False,1,6,2025-07,2025Q3,1.0,0-7 days
NFR-2024570,2025-07-31,2025-08-06,Treasury,HU,Employment Practices & Workplace Safety,Employee Relations Dispute,Employee Relations Dispute incident reported in HR unit.,Low,541.61,Closed,42.0,Branch Manager,True,1,6,2025-07,2025Q3,42.0,31-90 days
NFR-2024639,2025-07-31,2025-08-06,Retail Banking,CZ,"Clients, Products & Business Practices",Suitability Breach,Suitability Breach incident reported in Retail Banking unit.,Low,358.31,Closed,116.0,IT Support,False,1,6,2025-07,2025Q3,116.0,90+ days
NFR-2024586,2025-07-31,2025-08-09,Retail Banking,CZ,"Clients, Products & Business Practices",Mis-selling,Mis-selling incident reported in Corporate Banking unit.,High,58599.76,Closed,98.0,Risk Officer,True,3,9,2025-07,2025Q3,98.0,90+ days
NFR-2024347,2025-08-01,2025-08-12,Compliance,BG,Damage to Physical Assets,Fire / Flood Damage,Fire / Flood Damage incident reported in Treasury unit.,Low,615.28,Closed,57.0,Branch Manager,False,1,11,2025-08,2025Q3,57.0,31-90 days
NFR-2024549,2025-08-03,2025-08-08,Corporate Banking,AT,Damage to Physical Assets,Vandalism,Vandalism incident reported in IT Operations unit.,Low,567.46,Closed,81.0,Customer Service Rep,False,1,5,2025-08,2025Q3,81.0,31-90 days
NFR-2024811,2025-08-04,2025-08-08,Retail Banking,SK,"Clients, Products & Business Practices",Mis-selling,Mis-selling incident reported in IT Operations unit.,Low,2099.1,Closed,27.0,Risk Officer,False,1,4,2025-08,2025Q3,27.0,8-30 days
NFR-2024638,2025-08-05,2025-08-08,Compliance,RO,"Execution, Delivery & Process Management",Documentation Error,Documentation Error incident reported in IT Operations unit.,Low,313.27,Closed,56.0,Branch Manager,False,1,3,2025-08,2025Q3,56.0,31-90 days
NFR-2024376,2025-08-07,2025-08-18,It Operations,CZ,"Execution, Delivery & Process Management",Failed Settlement,Failed Settlement incident reported in Corporate Banking unit.,Low,753.08,Closed,16.0,Team Lead,False,1,11,2025-08,2025Q3,16.0,8-30 days
NFR-2024091,2025-08-09,2025-08-14,Treasury,CZ,"Clients, Products & Business Practices",Mis-selling,Mis-selling incident reported in HR unit.,Low,784.98,Closed,71.0,Team Lead,True,1,5,2025-08,2025Q3,71.0,31-90 days
NFR-2024469,2025-08-09,2025-08-21,Treasury,HU,"Execution, Delivery & Process Management",Data Entry Error,Data Entry Error incident reported in HR unit.,Low,255.46,Closed,105.0,Branch Manager,True,1,12,2025-08,2025Q3,105.0,90+ days
NFR-2024038,2025-08-10,2025-08-14,Compliance,AT,"Clients, Products & Business Practices",Mis-selling,Mis-selling incident reported in Risk Management unit.,High,68608.1,Closed,57.0,Customer Service Rep,True,3,4,2025-08,2025Q3,57.0,31-90 days
NFR-2024704,2025-08-10,2025-08-18,Hr,RS,"Execution, Delivery & Process Management",Documentation Error,Documentation Error incident reported in Retail Banking unit.,High,34996.8,Open,,Customer Service Rep,False,3,8,2025-08,2025Q3,403.0,90+ days
NFR-2024245,2025-08-10,2025-08-14,Payments,HU,Employment Practices & Workplace Safety,Health & Safety Incident,Health & Safety Incident incident reported in Payments unit.,Low,811.02,In Progress,,Risk Officer,False,1,4,2025-08,2025Q3,403.0,90+ days
NFR-2024712,2025-08-11,2025-08-11,Risk Management,CZ,"Execution, Delivery & Process Management",Failed Settlement,Failed Settlement incident reported in Treasury unit.,Medium,2049.44,Closed,57.0,Customer Service Rep,True,2,0,2025-08,2025Q3,57.0,31-90 days
NFR-2024579,2025-08-12,2025-08-23,It Operations,HR,"Clients, Products & Business Practices",Suitability Breach,Suitability Breach incident reported in Compliance unit.,Medium,11671.59,Closed,100.0,Branch Manager,True,2,11,2025-08,2025Q3,100.0,90+ days
NFR-2024249,2025-08-12,2025-08-22,Corporate Banking,HU,"Clients, Products & Business Practices",Mis-selling,Mis-selling incident reported in HR unit.,Medium,11154.13,In Progress,,Branch Manager,True,2,10,2025-08,2025Q3,401.0,90+ days
NFR-2024858,2025-08-13,2025-08-13,Corporate Banking,RO,"Execution, Delivery & Process Management",Failed Settlement,Failed Settlement incident reported in Retail Banking unit.,Medium,4410.6,Closed,63.0,Team Lead,False,2,0,2025-08,2025Q3,63.0,31-90 days
NFR-2024344,2025-08-15,2025-08-20,Compliance,BG,Damage to Physical Assets,Fire / Flood Damage,Fire / Flood Damage incident reported in Treasury unit.,Low,903.02,Closed,101.0,IT Support,True,1,5,2025-08,2025Q3,101.0,90+ days
NFR-2024544,2025-08-16,2025-08-17,Corporate Banking,RO,Business Disruption & System Failures,IT Outage,IT Outage incident reported in Treasury unit.,Medium,2182.9,Open,,IT Support,False,2,1,2025-08,2025Q3,397.0,90+ days
NFR-2024854,2025-08-17,2025-08-28,Retail Banking,HU,"Clients, Products & Business Practices",GDPR / Data Privacy Breach,GDPR / Data Privacy Breach incident reported in Payments unit.,High,164481.79,Closed,18.0,Team Lead,False,3,11,2025-08,2025Q3,18.0,8-30 days
NFR-2024577,2025-08-17,2025-08-21,Risk Management,HR,Internal Fraud,Intentional Mis-reporting,Intentional Mis-reporting incident reported in Risk Management unit.,Low,1034.16,Open,,Branch Manager,False,1,4,2025-08,2025Q3,396.0,90+ days
NFR-2024227,2025-08-18,2025-08-27,Payments,RO,Damage to Physical Assets,Fire / Flood Damage,Fire / Flood Damage incident reported in Risk Management unit.,Low,602.26,Closed,76.0,Compliance Officer,True,1,9,2025-08,2025Q3,76.0,31-90 days
NFR-2024348,2025-08-20,2025-08-28,It Operations,CZ,Internal Fraud,Intentional Mis-reporting,Intentional Mis-reporting incident reported in Risk Management unit.,Medium,11226.05,In Progress,,Compliance Officer,True,2,8,2025-08,2025Q3,393.0,90+ days
NFR-2024677,2025-08-23,2025-08-29,Retail Banking,RO,External Fraud,Phishing / Social Engineering,Phishing / Social Engineering incident reported in Risk Management unit.,Critical,250738.49,Open,,Compliance Officer,False,4,6,2025-08,2025Q3,390.0,90+ days
NFR-2024232,2025-08-27,2025-08-29,Retail Banking,SK,Business Disruption & System Failures,Network Failure,Network Failure incident reported in Treasury unit.,Medium,2311.65,Closed,53.0,Team Lead,True,2,2,2025-08,2025Q3,53.0,31-90 days
NFR-2024839,2025-08-27,2025-09-02,It Operations,CZ,Employment Practices & Workplace Safety,Discrimination Claim,Discrimination Claim incident reported in IT Operations unit.,Low,677.61,Closed,37.0,Branch Manager,False,1,6,2025-08,2025Q3,37.0,31-90 days
NFR-2024187,2025-08-31,2025-09-07,Risk Management,HR,Internal Fraud,Unauthorized Transactions,Unauthorized Transactions incident reported in IT Operations unit.,Low,571.63,In Progress,,IT Support,True,1,7,2025-08,2025Q3,382.0,90+ days
NFR-2024198,2025-08-31,2025-08-31,Retail Banking,CZ,Employment Practices & Workplace Safety,Employee Relations Dispute,Employee Relations Dispute incident reported in HR unit.,Medium,2977.13,Closed,84.0,Customer Service Rep,True,2,0,2025-08,2025Q3,84.0,31-90 days
NFR-2024304,2025-09-02,2025-09-11,Risk Management,RO,"Clients, Products & Business Practices",GDPR / Data Privacy Breach,GDPR / Data Privacy Breach incident reported in Payments unit.,Low,1362.26,Closed,89.0,Team Lead,True,1,9,2025-09,2025Q3,89.0,31-90 days
NFR-2024271,2025-09-02,2025-09-02,It Operations,HU,Business Disruption & System Failures,IT Outage,IT Outage incident reported in Compliance unit.,Critical,523833.5,Closed,114.0,Team Lead,False,4,0,2025-09,2025Q3,114.0,90+ days
NFR-2024657,2025-09-05,2025-09-09,Compliance,HR,Employment Practices & Workplace Safety,Discrimination Claim,Discrimination Claim incident reported in HR unit.,Low,311.02,In Progress,,Compliance Officer,True,1,4,2025-09,2025Q3,377.0,90+ days
NFR-2024108,2025-09-09,2025-09-10,It Operations,BG,Internal Fraud,Unauthorized Transactions,Unauthorized Transactions incident reported in Treasury unit.,Low,986.21,Closed,43.0,Risk Officer,False,1,1,2025-09,2025Q3,43.0,31-90 days
NFR-2024765,2025-09-09,2025-09-19,Hr,CZ,Employment Practices & Workplace Safety,Health & Safety Incident,Health & Safety Incident incident reported in Corporate Banking unit.,Low,243.83,Closed,99.0,Customer Service Rep,True,1,10,2025-09,2025Q3,99.0,90+ days
NFR-2024364,2025-09-09,2025-09-15,It Operations,BG,"Clients, Products & Business Practices",GDPR / Data Privacy Breach,GDPR / Data Privacy Breach incident reported in IT Operations unit.,Medium,6900.86,Closed,66.0,Risk Officer,True,2,6,2025-09,2025Q3,66.0,31-90 days
NFR-2024490,2025-09-10,2025-09-13,Corporate Banking,RS,Employment Practices & Workplace Safety,Health & Safety Incident,Health & Safety Incident incident reported in Corporate Banking unit.,Low,404.54,Open,,IT Support,True,1,3,2025-09,2025Q3,372.0,90+ days
NFR-2024405,2025-09-10,2025-09-20,Retail Banking,BG,External Fraud,Cyber Theft,Cyber Theft incident reported in Corporate Banking unit.,High,82874.75,Open,,Branch Manager,False,3,10,2025-09,2025Q3,372.0,90+ days
NFR-2024697,2025-09-16,2025-09-22,Retail Banking,RS,Business Disruption & System Failures,IT Outage,IT Outage incident reported in HR unit.,Medium,10710.91,Closed,36.0,Risk Officer,False,2,6,2025-09,2025Q3,36.0,31-90 days
NFR-2024145,2025-09-16,2025-09-26,Treasury,HU,"Execution, Delivery & Process Management",Missed SLA,Missed SLA incident reported in Compliance unit.,High,54295.61,Closed,79.0,Risk Officer,True,3,10,2025-09,2025Q3,79.0,31-90 days
NFR-2024755,2025-09-16,2025-09-19,Risk Management,AT,"Execution, Delivery & Process Management",Failed Settlement,Failed Settlement incident reported in Corporate Banking unit.,Medium,4346.67,Closed,32.0,IT Support,True,2,3,2025-09,2025Q3,32.0,31-90 days
NFR-2024674,2025-09-16,2025-09-26,Risk Management,RS,"Clients, Products & Business Practices",Mis-selling,Mis-selling incident reported in IT Operations unit.,High,47927.85,In Progress,,IT Support,False,3,10,2025-09,2025Q3,366.0,90+ days
NFR-2024885,2025-09-18,2025-09-28,It Operations,CZ,Internal Fraud,Misappropriation of Assets,Misappropriation of Assets incident reported in Compliance unit.,Medium,2304.37,In Progress,,Risk Officer,False,2,10,2025-09,2025Q3,364.0,90+ days
NFR-2024248,2025-09-19,2025-09-23,It Operations,BG,Damage to Physical Assets,Natural Disaster,Natural Disaster incident reported in Compliance unit.,Low,379.66,In Progress,,Risk Officer,False,1,4,2025-09,2025Q3,363.0,90+ days
NFR-2024760,2025-09-19,2025-10-01,It Operations,AT,Employment Practices & Workplace Safety,Health & Safety Incident,Health & Safety Incident incident reported in Retail Banking unit.,Low,1113.7,Open,,Compliance Officer,True,1,12,2025-09,2025Q3,363.0,90+ days
NFR-2024239,2025-09-20,2025-10-01,Treasury,AT,"Execution, Delivery & Process Management",Missed SLA,Missed SLA incident reported in Treasury unit.,High,46482.39,Closed,7.0,Branch Manager,True,3,11,2025-09,2025Q3,7.0,0-7 days
NFR-2024688,2025-09-24,2025-09-30,Treasury,SK,Business Disruption & System Failures,Third-Party Service Outage,Third-Party Service Outage incident reported in Treasury unit.,Low,78.56,Closed,54.0,Risk Officer,True,1,6,2025-09,2025Q3,54.0,31-90 days
NFR-2024473,2025-09-25,2025-10-05,Hr,AT,"Execution, Delivery & Process Management",Failed Settlement,Failed Settlement incident reported in Compliance unit.,Low,229.74,Closed,61.0,Branch Manager,False,1,10,2025-09,2025Q3,61.0,31-90 days
NFR-2024387,2025-09-26,2025-10-02,Hr,SK,Internal Fraud,Unauthorized Transactions,Unauthorized Transactions incident reported in Retail Banking unit.,Low,559.26,In Progress,,Team Lead,False,1,6,2025-09,2025Q3,356.0,90+ days
NFR-2024181,2025-09-27,2025-09-29,Risk Management,SK,Damage to Physical Assets,Fire / Flood Damage,Fire / Flood Damage incident reported in Payments unit.,Medium,2565.5,Open,,Customer Service Rep,False,2,2,2025-09,2025Q3,355.0,90+ days
NFR-2024778,2025-09-27,2025-10-02,Risk Management,RS,Internal Fraud,Misappropriation of Assets,Misappropriation of Assets incident reported in Risk Management unit.,Medium,6695.5,Closed,88.0,IT Support,False,2,5,2025-09,2025Q3,88.0,31-90 days
NFR-2024082,2025-09-29,2025-10-06,Risk Management,AT,External Fraud,Phishing / Social Engineering,Phishing / Social Engineering incident reported in Payments unit.,Medium,9614.88,Open,,Branch Manager,False,2,7,2025-09,2025Q3,353.0,90+ days
NFR-2024545,2025-10-02,2025-10-03,Hr,HR,"Clients, Products & Business Practices",Mis-selling,Mis-selling incident reported in Risk Management unit.,Medium,10310.16,In Progress,,Branch Manager,False,2,1,2025-10,2025Q4,350.0,90+ days
NFR-2024149,2025-10-03,2025-10-15,Corporate Banking,SK,"Execution, Delivery & Process Management",Data Entry Error,Data Entry Error incident reported in Retail Banking unit.,Low,1211.2,Closed,3.0,Customer Service Rep,False,1,12,2025-10,2025Q4,3.0,0-7 days
NFR-2024542,2025-10-04,2025-10-08,Compliance,CZ,Damage to Physical Assets,Vandalism,Vandalism incident reported in Retail Banking unit.,High,69285.22,Closed,21.0,Branch Manager,False,3,4,2025-10,2025Q4,21.0,8-30 days
NFR-2024613,2025-10-07,2025-10-13,Risk Management,HU,Business Disruption & System Failures,Network Failure,Network Failure incident reported in IT Operations unit.,Medium,4304.79,Closed,70.0,Risk Officer,False,2,6,2025-10,2025Q4,70.0,31-90 days
NFR-2024497,2025-10-08,2025-10-17,It Operations,AT,Employment Practices & Workplace Safety,Discrimination Claim,Discrimination Claim incident reported in Risk Management unit.,Low,471.75,Closed,119.0,Branch Manager,True,1,9,2025-10,2025Q4,119.0,90+ days
NFR-2024295,2025-10-09,2025-10-16,Payments,HU,Damage to Physical Assets,Vandalism,Vandalism incident reported in Retail Banking unit.,Medium,4185.49,Closed,24.0,Customer Service Rep,False,2,7,2025-10,2025Q4,24.0,8-30 days
NFR-2024274,2025-10-11,2025-10-23,It Operations,HR,Business Disruption & System Failures,Third-Party Service Outage,Third-Party Service Outage incident reported in Treasury unit.,High,27722.91,Closed,7.0,Risk Officer,True,3,12,2025-10,2025Q4,7.0,0-7 days
NFR-2024670,2025-10-11,2025-10-12,Corporate Banking,BG,"Execution, Delivery & Process Management",Data Entry Error,Data Entry Error incident reported in Payments unit.,Low,577.75,In Progress,,Branch Manager,False,1,1,2025-10,2025Q4,341.0,90+ days
NFR-2024671,2025-10-12,2025-10-21,It Operations,RO,"Execution, Delivery & Process Management",Failed Settlement,Failed Settlement incident reported in Treasury unit.,Medium,3554.04,Closed,1.0,IT Support,False,2,9,2025-10,2025Q4,1.0,0-7 days
NFR-2024004,2025-10-12,2025-10-14,Treasury,RO,Business Disruption & System Failures,Third-Party Service Outage,Third-Party Service Outage incident reported in Payments unit.,Low,456.49,Closed,32.0,Branch Manager,True,1,2,2025-10,2025Q4,32.0,31-90 days
NFR-2024859,2025-10-13,2025-10-18,It Operations,RS,Employment Practices & Workplace Safety,Discrimination Claim,Discrimination Claim incident reported in Corporate Banking unit.,Low,363.2,Open,,IT Support,False,1,5,2025-10,2025Q4,339.0,90+ days
NFR-2024233,2025-10-14,2025-10-14,It Operations,HU,"Clients, Products & Business Practices",Suitability Breach,Suitability Breach incident reported in Risk Management unit.,Critical,883379.29,Closed,94.0,Compliance Officer,False,4,0,2025-10,2025Q4,94.0,90+ days
NFR-2024296,2025-10-14,2025-10-17,Payments,RO,Employment Practices & Workplace Safety,Health & Safety Incident,Health & Safety Incident incident reported in IT Operations unit.,Medium,3166.48,Open,,Branch Manager,True,2,3,2025-10,2025Q4,338.0,90+ days
NFR-2024336,2025-10-15,2025-10-24,Payments,BG,Damage to Physical Assets,Natural Disaster,Natural Disaster incident reported in Payments unit.,High,89148.31,Closed,74.0,IT Support,True,3,9,2025-10,2025Q4,74.0,31-90 days
NFR-2024354,2025-10-16,2025-10-17,Treasury,SK,Internal Fraud,Misappropriation of Assets,Misappropriation of Assets incident reported in Compliance unit.,Low,1454.54,Closed,99.0,IT Support,True,1,1,2025-10,2025Q4,99.0,90+ days
NFR-2024084,2025-10-20,2025-10-22,Risk Management,BG,Employment Practices & Workplace Safety,Employee Relations Dispute,Employee Relations Dispute incident reported in Treasury unit.,Low,470.1,Closed,88.0,Branch Manager,False,1,2,2025-10,2025Q4,88.0,31-90 days
NFR-2024461,2025-10-21,2025-11-02,Hr,RO,Employment Practices & Workplace Safety,Discrimination Claim,Discrimination Claim incident reported in Payments unit.,Low,471.51,Closed,67.0,Risk Officer,True,1,12,2025-10,2025Q4,67.0,31-90 days
NFR-2024875,2025-10-21,2025-10-23,It Operations,AT,"Clients, Products & Business Practices",GDPR / Data Privacy Breach,GDPR / Data Privacy Breach incident reported in IT Operations unit.,Medium,7372.18,Closed,68.0,Risk Officer,True,2,2,2025-10,2025Q4,68.0,31-90 days
NFR-2024395,2025-10-25,2025-11-04,Risk Management,CZ,Employment Practices & Workplace Safety,Health & Safety Incident,Health & Safety Incident incident reported in HR unit.,Medium,6557.58,Closed,120.0,Risk Officer,False,2,10,2025-10,2025Q4,120.0,90+ days
NFR-2024766,2025-10-25,2025-11-04,It Operations,AT,Employment Practices & Workplace Safety,Health & Safety Incident,Health & Safety Incident incident reported in Payments unit.,Medium,4216.15,In Progress,,Compliance Officer,False,2,10,2025-10,2025Q4,327.0,90+ days
NFR-2024399,2025-10-26,2025-10-28,Payments,BG,"Execution, Delivery & Process Management",Data Entry Error,Data Entry Error incident reported in HR unit.,Low,150.15,Closed,56.0,Compliance Officer,False,1,2,2025-10,2025Q4,56.0,31-90 days
NFR-2024276,2025-10-29,2025-11-07,Payments,RO,Damage to Physical Assets,Natural Disaster,Natural Disaster incident reported in Compliance unit.,Medium,7829.77,In Progress,,Branch Manager,False,2,9,2025-10,2025Q4,323.0,90+ days
NFR-2024043,2025-10-29,2025-11-05,Hr,BG,Internal Fraud,Unauthorized Transactions,Unauthorized Transactions incident reported in Risk Management unit.,Medium,3953.9,Closed,24.0,Customer Service Rep,True,2,7,2025-10,2025Q4,24.0,8-30 days
NFR-2024484,2025-10-30,2025-11-06,Corporate Banking,BG,"Execution, Delivery & Process Management",Documentation Error,Documentation Error incident reported in Payments unit.,Low,554.21,Closed,16.0,Customer Service Rep,True,1,7,2025-10,2025Q4,16.0,8-30 days
NFR-2024237,2025-11-01,2025-11-04,Hr,SK,Internal Fraud,Intentional Mis-reporting,Intentional Mis-reporting incident reported in IT Operations unit.,Low,294.41,Closed,41.0,Team Lead,False,1,3,2025-11,2025Q4,41.0,31-90 days
NFR-2024025,2025-11-02,2025-11-13,Corporate Banking,HU,"Clients, Products & Business Practices",GDPR / Data Privacy Breach,GDPR / Data Privacy Breach incident reported in Risk Management unit.,Low,377.83,Open,,Branch Manager,False,1,11,2025-11,2025Q4,319.0,90+ days
NFR-2024898,2025-11-03,2025-11-05,Risk Management,CZ,"Clients, Products & Business Practices",Mis-selling,Mis-selling incident reported in Corporate Banking unit.,Medium,13700.62,Open,,Compliance Officer,False,2,2,2025-11,2025Q4,318.0,90+ days
NFR-2024663,2025-11-03,2025-11-08,Payments,HU,Business Disruption & System Failures,IT Outage,IT Outage incident reported in Compliance unit.,Low,585.52,Open,,Customer Service Rep,False,1,5,2025-11,2025Q4,318.0,90+ days
NFR-2024066,2025-11-04,2025-11-15,Treasury,RO,"Execution, Delivery & Process Management",Data Entry Error,Data Entry Error incident reported in Compliance unit.,Medium,5603.34,In Progress,,Risk Officer,False,2,11,2025-11,2025Q4,317.0,90+ days
NFR-2024487,2025-11-04,2025-11-04,Retail Banking,RO,External Fraud,Phishing / Social Engineering,Phishing / Social Engineering incident reported in Risk Management unit.,Critical,270544.36,In Progress,,IT Support,False,4,0,2025-11,2025Q4,317.0,90+ days
NFR-2024828,2025-11-04,2025-11-08,Treasury,HU,Business Disruption & System Failures,Third-Party Service Outage,Third-Party Service Outage incident reported in Compliance unit.,Low,325.76,Closed,54.0,Team Lead,False,1,4,2025-11,2025Q4,54.0,31-90 days
NFR-2024627,2025-11-06,2025-11-09,Treasury,HU,Employment Practices & Workplace Safety,Employee Relations Dispute,Employee Relations Dispute incident reported in IT Operations unit.,Medium,5389.6,Open,,Team Lead,False,2,3,2025-11,2025Q4,315.0,90+ days
NFR-2024409,2025-11-07,2025-11-17,Retail Banking,RO,Internal Fraud,Misappropriation of Assets,Misappropriation of Assets incident reported in IT Operations unit.,Medium,6970.72,In Progress,,IT Support,True,2,10,2025-11,2025Q4,314.0,90+ days
NFR-2024116,2025-11-07,2025-11-13,Retail Banking,CZ,"Execution, Delivery & Process Management",Data Entry Error,Data Entry Error incident reported in Retail Banking unit.,Low,554.21,Closed,120.0,Branch Manager,True,1,6,2025-11,2025Q4,120.0,90+ days
NFR-2024103,2025-11-09,2025-11-16,Treasury,HR,External Fraud,Cyber Theft,Cyber Theft incident reported in IT Operations unit.,Low,805.41,Closed,41.0,Risk Officer,True,1,7,2025-11,2025Q4,41.0,31-90 days
NFR-2024246,2025-11-10,2025-11-17,Retail Banking,HR,Internal Fraud,Unauthorized Transactions,Unauthorized Transactions incident reported in Risk Management unit.,Medium,5557.77,Closed,98.0,Risk Officer,False,2,7,2025-11,2025Q4,98.0,90+ days
NFR-2024417,2025-11-11,2025-11-20,Hr,AT,Employment Practices & Workplace Safety,Discrimination Claim,Discrimination Claim incident reported in Risk Management unit.,High,99267.56,Closed,30.0,Risk Officer,False,3,9,2025-11,2025Q4,30.0,8-30 days
NFR-2024783,2025-11-11,2025-11-16,Payments,SK,Internal Fraud,Misappropriation of Assets,Misappropriation of Assets incident reported in Treasury unit.,High,29620.95,Closed,65.0,Risk Officer,False,3,5,2025-11,2025Q4,65.0,31-90 days
NFR-2024124,2025-11-13,2025-11-22,Risk Management,RS,Employment Practices & Workplace Safety,Discrimination Claim,Discrimination Claim incident reported in IT Operations unit.,Medium,5264.62,Closed,85.0,Team Lead,False,2,9,2025-11,2025Q4,85.0,31-90 days
NFR-2024370,2025-11-14,2025-11-19,It Operations,RS,"Clients, Products & Business Practices",Suitability Breach,Suitability Breach incident reported in Corporate Banking unit.,High,148905.21,In Progress,,IT Support,True,3,5,2025-11,2025Q4,307.0,90+ days
NFR-2024140,2025-11-17,2025-11-24,Compliance,RS,External Fraud,Phishing / Social Engineering,Phishing / Social Engineering incident reported in Compliance unit.,Low,528.51,Closed,82.0,Risk Officer,False,1,7,2025-11,2025Q4,82.0,31-90 days
NFR-2024213,2025-11-17,2025-11-17,Treasury,RO,Internal Fraud,Misappropriation of Assets,Misappropriation of Assets incident reported in Retail Banking unit.,Low,660.46,In Progress,,Team Lead,True,1,0,2025-11,2025Q4,304.0,90+ days
NFR-2024475,2025-11-20,2025-11-28,Treasury,CZ,"Clients, Products & Business Practices",Mis-selling,Mis-selling incident reported in Payments unit.,Low,509.1,Closed,60.0,Customer Service Rep,False,1,8,2025-11,2025Q4,60.0,31-90 days
NFR-2024797,2025-11-20,2025-11-27,Compliance,BG,Damage to Physical Assets,Vandalism,Vandalism incident reported in HR unit.,Low,1211.29,Closed,113.0,IT Support,True,1,7,2025-11,2025Q4,113.0,90+ days
NFR-2024749,2025-11-21,2025-11-22,Compliance,CZ,"Clients, Products & Business Practices",Mis-selling,Mis-selling incident reported in Compliance unit.,Critical,460102.69,In Progress,,Compliance Officer,False,4,1,2025-11,2025Q4,300.0,90+ days
NFR-2024159,2025-11-21,2025-12-02,Retail Banking,AT,Employment Practices & Workplace Safety,Discrimination Claim,Discrimination Claim incident reported in Risk Management unit.,High,8644.4,Open,,Risk Officer,False,3,11,2025-11,2025Q4,300.0,90+ days
NFR-2024196,2025-11-23,2025-11-23,Payments,HR,Employment Practices & Workplace Safety,Employee Relations Dispute,Employee Relations Dispute incident reported in Corporate Banking unit.,Low,471.51,Closed,32.0,Risk Officer,True,1,0,2025-11,2025Q4,32.0,31-90 days
NFR-2024495,2025-11-24,2025-12-02,Retail Banking,AT,"Clients, Products & Business Practices",GDPR / Data Privacy Breach,GDPR / Data Privacy Breach incident reported in Compliance unit.,Medium,6614.66,Closed,52.0,Team Lead,False,2,8,2025-11,2025Q4,52.0,31-90 days
NFR-2024188,2025-11-24,2025-11-27,Hr,AT,External Fraud,Card Fraud,Card Fraud incident reported in Treasury unit.,Medium,10239.22,In Progress,,Branch Manager,True,2,3,2025-11,2025Q4,297.0,90+ days
NFR-2024298,2025-11-25,2025-11-30,Payments,HR,Damage to Physical Assets,Vandalism,Vandalism incident reported in Compliance unit.,Medium,8500.82,Closed,3.0,Compliance Officer,False,2,5,2025-11,2025Q4,3.0,0-7 days
NFR-2024365,2025-11-26,2025-12-01,Corporate Banking,BG,Internal Fraud,Unauthorized Transactions,Unauthorized Transactions incident reported in Payments unit.,Low,327.47,In Progress,,Team Lead,True,1,5,2025-11,2025Q4,295.0,90+ days
NFR-2024856,2025-11-28,2025-12-02,Retail Banking,AT,Business Disruption & System Failures,Network Failure,Network Failure incident reported in Retail Banking unit.,Medium,19265.96,Closed,44.0,Branch Manager,True,2,4,2025-11,2025Q4,44.0,31-90 days
NFR-2024714,2025-11-28,2025-12-07,Retail Banking,AT,"Clients, Products & Business Practices",Mis-selling,Mis-selling incident reported in Compliance unit.,Medium,10436.27,In Progress,,Branch Manager,False,2,9,2025-11,2025Q4,293.0,90+ days
NFR-2024367,2025-12-02,2025-12-10,Treasury,RS,Business Disruption & System Failures,Network Failure,Network Failure incident reported in HR unit.,Medium,5159.84,Closed,61.0,IT Support,True,2,8,2025-12,2025Q4,61.0,31-90 days
NFR-2024866,2025-12-04,2025-12-14,It Operations,HU,Business Disruption & System Failures,Network Failure,Network Failure incident reported in Compliance unit.,Low,257.37,Open,,Team Lead,True,1,10,2025-12,2025Q4,287.0,90+ days
NFR-2024548,2025-12-04,2025-12-15,Hr,RO,External Fraud,Phishing / Social Engineering,Phishing / Social Engineering incident reported in Payments unit.,Low,1742.4,In Progress,,Compliance Officer,False,1,11,2025-12,2025Q4,287.0,90+ days
NFR-2024794,2025-12-04,2025-12-10,Retail Banking,HR,External Fraud,Card Fraud,Card Fraud incident reported in IT Operations unit.,High,52245.07,In Progress,,Risk Officer,False,3,6,2025-12,2025Q4,287.0,90+ days
NFR-2024849,2025-12-06,2025-12-10,Retail Banking,BG,"Execution, Delivery & Process Management",Failed Settlement,Failed Settlement incident reported in Payments unit.,Low,218.16,Closed,85.0,Risk Officer,False,1,4,2025-12,2025Q4,85.0,31-90 days
NFR-2024095,2025-12-06,2025-12-06,Hr,HU,"Clients, Products & Business Practices",GDPR / Data Privacy Breach,GDPR / Data Privacy Breach incident reported in Treasury unit.,Medium,3528.75,In Progress,,Customer Service Rep,False,2,0,2025-12,2025Q4,285.0,90+ days
NFR-2024070,2025-12-07,2025-12-12,Corporate Banking,RS,External Fraud,Cyber Theft,Cyber Theft incident reported in HR unit.,Medium,1912.53,Open,,Branch Manager,False,2,5,2025-12,2025Q4,284.0,90+ days
NFR-2024104,2025-12-07,2025-12-18,Compliance,RO,"Execution, Delivery & Process Management",Missed SLA,Missed SLA incident reported in HR unit.,Medium,9798.65,Closed,62.0,IT Support,False,2,11,2025-12,2025Q4,62.0,31-90 days
NFR-2024289,2025-12-09,2025-12-19,Treasury,CZ,"Clients, Products & Business Practices",Mis-selling,Mis-selling incident reported in Risk Management unit.,Low,813.99,Closed,102.0,Customer Service Rep,False,1,10,2025-12,2025Q4,102.0,90+ days
NFR-2024602,2025-12-10,2025-12-13,Hr,HR,Employment Practices & Workplace Safety,Employee Relations Dispute,Employee Relations Dispute incident reported in Corporate Banking unit.,Critical,1370020.57,Closed,113.0,Team Lead,True,4,3,2025-12,2025Q4,113.0,90+ days
NFR-2024278,2025-12-11,2025-12-23,Risk Management,HR,External Fraud,Phishing / Social Engineering,Phishing / Social Engineering incident reported in Payments unit.,Low,369.28,Open,,IT Support,False,1,12,2025-12,2025Q4,280.0,90+ days
NFR-2024225,2025-12-11,2025-12-20,Compliance,RS,Employment Practices & Workplace Safety,Employee Relations Dispute,Employee Relations Dispute incident reported in Compliance unit.,Medium,3574.5,In Progress,,Customer Service Rep,False,2,9,2025-12,2025Q4,280.0,90+ days
NFR-2024151,2025-12-13,2025-12-18,Hr,BG,Business Disruption & System Failures,Network Failure,Network Failure incident reported in HR unit.,Low,262.12,Closed,111.0,IT Support,True,1,5,2025-12,2025Q4,111.0,90+ days
NFR-2024203,2025-12-13,2025-12-24,Treasury,BG,Business Disruption & System Failures,IT Outage,IT Outage incident reported in Risk Management unit.,Low,294.61,Open,,IT Support,False,1,11,2025-12,2025Q4,278.0,90+ days
NFR-2024814,2025-12-15,2025-12-23,Hr,HR,"Clients, Products & Business Practices",Mis-selling,Mis-selling incident reported in Payments unit.,High,35830.87,Closed,53.0,Customer Service Rep,True,3,8,2025-12,2025Q4,53.0,31-90 days
NFR-2024664,2025-12-17,2025-12-21,Retail Banking,SK,"Clients, Products & Business Practices",GDPR / Data Privacy Breach,GDPR / Data Privacy Breach incident reported in Retail Banking unit.,High,44348.26,Closed,77.0,IT Support,False,3,4,2025-12,2025Q4,77.0,31-90 days
NFR-2024588,2025-12-19,2025-12-25,Risk Management,HR,"Clients, Products & Business Practices",Suitability Breach,Suitability Breach incident reported in Compliance unit.,Low,724.24,Closed,15.0,Risk Officer,True,1,6,2025-12,2025Q4,15.0,8-30 days
NFR-2024771,2025-12-20,2025-12-27,Retail Banking,CZ,"Execution, Delivery & Process Management",Documentation Error,Documentation Error incident reported in Risk Management unit.,Medium,10322.4,Closed,92.0,IT Support,False,2,7,2025-12,2025Q4,92.0,90+ days
NFR-2024738,2025-12-21,2025-12-23,Corporate Banking,SK,"Execution, Delivery & Process Management",Documentation Error,Documentation Error incident reported in Treasury unit.,Medium,3374.52,In Progress,,Team Lead,False,2,2,2025-12,2025Q4,270.0,90+ days
NFR-2024614,2025-12-22,2025-12-24,Risk Management,HU,Internal Fraud,Misappropriation of Assets,Misappropriation of Assets incident reported in IT Operations unit.,Medium,5362.23,Closed,62.0,Compliance Officer,True,2,2,2025-12,2025Q4,62.0,31-90 days
NFR-2024502,2025-12-24,2026-01-05,Treasury,SK,"Execution, Delivery & Process Management",Documentation Error,Documentation Error incident reported in Treasury unit.,Low,434.71,Closed,90.0,Risk Officer,False,1,12,2025-12,2025Q4,90.0,31-90 days
NFR-2024010,2025-12-25,2026-01-04,Corporate Banking,HR,Damage to Physical Assets,Natural Disaster,Natural Disaster incident reported in Payments unit.,Low,321.02,Open,,Team Lead,True,1,10,2025-12,2025Q4,266.0,90+ days
NFR-2024386,2025-12-26,2026-01-01,Corporate Banking,AT,Business Disruption & System Failures,IT Outage,IT Outage incident reported in Payments unit.,Medium,4773.6,Closed,33.0,Team Lead,False,2,6,2025-12,2025Q4,33.0,31-90 days
NFR-2024450,2025-12-27,2026-01-06,It Operations,BG,External Fraud,Phishing / Social Engineering,Phishing / Social Engineering incident reported in Retail Banking unit.,Low,1742.47,Closed,78.0,Compliance Officer,False,1,10,2025-12,2025Q4,78.0,31-90 days
NFR-2024867,2025-12-29,2026-01-07,Corporate Banking,HU,External Fraud,Card Fraud,Card Fraud incident reported in Corporate Banking unit.,Low,828.03,Closed,60.0,Risk Officer,True,1,9,2025-12,2025Q4,60.0,31-90 days
NFR-2024166,2025-12-29,2026-01-01,Retail Banking,RO,External Fraud,Phishing / Social Engineering,Phishing / Social Engineering incident reported in Treasury unit.,Low,311.28,Closed,51.0,Compliance Officer,False,1,3,2025-12,2025Q4,51.0,31-90 days
NFR-2024308,2025-12-29,2026-01-07,Risk Management,CZ,Business Disruption & System Failures,IT Outage,IT Outage incident reported in Treasury unit.,Medium,3585.53,Closed,15.0,Team Lead,True,2,9,2025-12,2025Q4,15.0,8-30 days
NFR-2024620,2026-01-01,2026-01-02,Retail Banking,HU,"Clients, Products & Business Practices",GDPR / Data Privacy Breach,GDPR / Data Privacy Breach incident reported in Risk Management unit.,Medium,8397.25,Closed,74.0,IT Support,True,2,1,2026-01,2026Q1,74.0,31-90 days
NFR-2024598,2026-01-01,2026-01-05,Compliance,AT,Business Disruption & System Failures,IT Outage,IT Outage incident reported in Compliance unit.,Low,221.12,Closed,3.0,Branch Manager,False,1,4,2026-01,2026Q1,3.0,0-7 days
NFR-2024032,2026-01-02,2026-01-05,Payments,RO,Business Disruption & System Failures,Network Failure,Network Failure incident reported in Corporate Banking unit.,Low,1009.35,Open,,Branch Manager,True,1,3,2026-01,2026Q1,258.0,90+ days
NFR-2024046,2026-01-03,2026-01-07,Hr,BG,Business Disruption & System Failures,IT Outage,IT Outage incident reported in Treasury unit.,Medium,1078.73,Closed,35.0,Team Lead,False,2,4,2026-01,2026Q1,35.0,31-90 days
NFR-2024371,2026-01-04,2026-01-13,Compliance,BG,Damage to Physical Assets,Fire / Flood Damage,Fire / Flood Damage incident reported in Compliance unit.,Critical,957937.78,Open,,IT Support,False,4,9,2026-01,2026Q1,256.0,90+ days
NFR-2024713,2026-01-06,2026-01-10,Retail Banking,BG,Business Disruption & System Failures,Network Failure,Network Failure incident reported in Treasury unit.,Low,449.36,Closed,115.0,Customer Service Rep,True,1,4,2026-01,2026Q1,115.0,90+ days
NFR-2024335,2026-01-07,2026-01-10,Payments,AT,"Clients, Products & Business Practices",GDPR / Data Privacy Breach,GDPR / Data Privacy Breach incident reported in Retail Banking unit.,Low,542.95,Closed,35.0,Compliance Officer,False,1,3,2026-01,2026Q1,35.0,31-90 days
NFR-2024065,2026-01-08,2026-01-08,It Operations,HU,"Execution, Delivery & Process Management",Documentation Error,Documentation Error incident reported in Risk Management unit.,High,36369.83,Closed,77.0,Team Lead,False,3,0,2026-01,2026Q1,77.0,31-90 days
NFR-2024463,2026-01-08,2026-01-11,Treasury,RO,Business Disruption & System Failures,Network Failure,Network Failure incident reported in Risk Management unit.,Low,1026.21,In Progress,,IT Support,False,1,3,2026-01,2026Q1,252.0,90+ days
NFR-2024191,2026-01-08,2026-01-08,It Operations,RS,Business Disruption & System Failures,Network Failure,Network Failure incident reported in Retail Banking unit.,Medium,8204.33,Closed,38.0,Customer Service Rep,True,2,0,2026-01,2026Q1,38.0,31-90 days
NFR-2024536,2026-01-09,2026-01-09,Treasury,CZ,"Execution, Delivery & Process Management",Documentation Error,Documentation Error incident reported in Payments unit.,Low,417.21,Closed,107.0,Risk Officer,False,1,0,2026-01,2026Q1,107.0,90+ days
NFR-2024107,2026-01-10,2026-01-10,Hr,SK,Damage to Physical Assets,Natural Disaster,Natural Disaster incident reported in Retail Banking unit.,Medium,11682.58,Closed,23.0,Compliance Officer,True,2,0,2026-01,2026Q1,23.0,8-30 days
NFR-2024110,2026-01-10,2026-01-19,Compliance,AT,Employment Practices & Workplace Safety,Health & Safety Incident,Health & Safety Incident incident reported in Risk Management unit.,Low,357.87,Open,,Team Lead,False,1,9,2026-01,2026Q1,250.0,90+ days
NFR-2024234,2026-01-11,2026-01-21,Risk Management,CZ,Business Disruption & System Failures,Third-Party Service Outage,Third-Party Service Outage incident reported in HR unit.,Low,647.07,In Progress,,Customer Service Rep,False,1,10,2026-01,2026Q1,249.0,90+ days
NFR-2024799,2026-01-11,2026-01-18,Hr,HU,"Clients, Products & Business Practices",Mis-selling,Mis-selling incident reported in IT Operations unit.,Medium,6816.4,Closed,12.0,Team Lead,False,2,7,2026-01,2026Q1,12.0,8-30 days
NFR-2024527,2026-01-13,2026-01-18,Corporate Banking,CZ,External Fraud,Phishing / Social Engineering,Phishing / Social Engineering incident reported in Treasury unit.,Medium,5842.04,Closed,90.0,Branch Manager,True,2,5,2026-01,2026Q1,90.0,31-90 days
NFR-2024610,2026-01-14,2026-01-15,Compliance,CZ,Internal Fraud,Intentional Mis-reporting,Intentional Mis-reporting incident reported in Compliance unit.,High,51372.32,In Progress,,Team Lead,False,3,1,2026-01,2026Q1,246.0,90+ days
NFR-2024115,2026-01-15,2026-01-18,Retail Banking,BG,Damage to Physical Assets,Vandalism,Vandalism incident reported in HR unit.,Medium,6022.62,Closed,97.0,Risk Officer,False,2,3,2026-01,2026Q1,97.0,90+ days
NFR-2024644,2026-01-17,2026-01-23,Corporate Banking,AT,Employment Practices & Workplace Safety,Health & Safety Incident,Health & Safety Incident incident reported in Treasury unit.,High,52499.98,Closed,69.0,IT Support,False,3,6,2026-01,2026Q1,69.0,31-90 days
NFR-2024353,2026-01-20,2026-01-29,It Operations,AT,Business Disruption & System Failures,IT Outage,IT Outage incident reported in Risk Management unit.,Low,784.5,Open,,Risk Officer,True,1,9,2026-01,2026Q1,240.0,90+ days
NFR-2024895,2026-01-20,2026-01-21,Treasury,SK,Employment Practices & Workplace Safety,Health & Safety Incident,Health & Safety Incident incident reported in HR unit.,Medium,14405.95,Closed,99.0,Team Lead,False,2,1,2026-01,2026Q1,99.0,90+ days
NFR-2024569,2026-01-20,2026-01-23,Corporate Banking,AT,Internal Fraud,Intentional Mis-reporting,Intentional Mis-reporting incident reported in Compliance unit.,Low,223.66,Closed,118.0,Compliance Officer,False,1,3,2026-01,2026Q1,118.0,90+ days
NFR-2024601,2026-01-21,2026-01-27,Retail Banking,BG,Damage to Physical Assets,Fire / Flood Damage,Fire / Flood Damage incident reported in Payments unit.,Medium,8155.37,Closed,16.0,Risk Officer,True,2,6,2026-01,2026Q1,16.0,8-30 days
NFR-2024698,2026-01-21,2026-01-30,Retail Banking,SK,Business Disruption & System Failures,Network Failure,Network Failure incident reported in Treasury unit.,Low,2050.14,Closed,9.0,Risk Officer,False,1,9,2026-01,2026Q1,9.0,8-30 days
NFR-2024501,2026-01-25,2026-01-25,It Operations,RS,Employment Practices & Workplace Safety,Health & Safety Incident,Health & Safety Incident incident reported in Treasury unit.,Critical,534675.43,Closed,38.0,IT Support,False,4,0,2026-01,2026Q1,38.0,31-90 days
NFR-2024460,2026-01-25,2026-01-31,Corporate Banking,HR,"Execution, Delivery & Process Management",Data Entry Error,Data Entry Error incident reported in Payments unit.,Low,318.61,Closed,80.0,Branch Manager,True,1,6,2026-01,2026Q1,80.0,31-90 days
NFR-2024037,2026-01-26,2026-02-02,It Operations,HU,Business Disruption & System Failures,IT Outage,IT Outage incident reported in Compliance unit.,Low,524.8,In Progress,,Branch Manager,False,1,7,2026-01,2026Q1,234.0,90+ days
NFR-2024682,2026-01-27,2026-02-02,It Operations,RS,"Clients, Products & Business Practices",Suitability Breach,Suitability Breach incident reported in Payments unit.,High,56445.99,Closed,52.0,Risk Officer,False,3,6,2026-01,2026Q1,52.0,31-90 days
NFR-2024782,2026-01-28,2026-02-06,Risk Management,RS,Internal Fraud,Unauthorized Transactions,Unauthorized Transactions incident reported in Compliance unit.,Low,584.0,Closed,57.0,Compliance Officer,True,1,9,2026-01,2026Q1,57.0,31-90 days
NFR-2024220,2026-01-29,2026-02-10,Corporate Banking,SK,Damage to Physical Assets,Fire / Flood Damage,Fire / Flood Damage incident reported in Compliance unit.,High,32103.5,Closed,105.0,Branch Manager,False,3,12,2026-01,2026Q1,105.0,90+ days
NFR-2024768,2026-01-29,2026-02-03,Hr,RO,Business Disruption & System Failures,IT Outage,IT Outage incident reported in Corporate Banking unit.,Critical,303415.93,Open,,Risk Officer,True,4,5,2026-01,2026Q1,231.0,90+ days
NFR-2024822,2026-02-02,2026-02-13,Treasury,SK,"Clients, Products & Business Practices",Mis-selling,Mis-selling incident reported in HR unit.,High,58599.76,Closed,41.0,Risk Officer,True,3,11,2026-02,2026Q1,41.0,31-90 days
NFR-2024623,2026-02-05,2026-02-06,Risk Management,CZ,"Execution, Delivery & Process Management",Data Entry Error,Data Entry Error incident reported in HR unit.,Low,493.41,In Progress,,Team Lead,False,1,1,2026-02,2026Q1,224.0,90+ days
NFR-2024078,2026-02-05,2026-02-17,Payments,BG,"Clients, Products & Business Practices",Suitability Breach,Suitability Breach incident reported in Payments unit.,Low,1767.59,Closed,69.0,IT Support,False,1,12,2026-02,2026Q1,69.0,31-90 days
NFR-2024651,2026-02-06,2026-02-10,Treasury,RO,Internal Fraud,Misappropriation of Assets,Misappropriation of Assets incident reported in Corporate Banking unit.,High,92204.35,Closed,3.0,Branch Manager,False,3,4,2026-02,2026Q1,3.0,0-7 days
NFR-2024320,2026-02-06,2026-02-09,Payments,SK,"Clients, Products & Business Practices",GDPR / Data Privacy Breach,GDPR / Data Privacy Breach incident reported in Retail Banking unit.,Medium,20139.72,Closed,76.0,Branch Manager,False,2,3,2026-02,2026Q1,76.0,31-90 days
NFR-2024880,2026-02-06,2026-02-09,Payments,HU,Internal Fraud,Intentional Mis-reporting,Intentional Mis-reporting incident reported in Compliance unit.,Low,2293.92,In Progress,,Team Lead,True,1,3,2026-02,2026Q1,223.0,90+ days
NFR-2024806,2026-02-07,2026-02-09,Treasury,RO,External Fraud,Phishing / Social Engineering,Phishing / Social Engineering incident reported in Treasury unit.,Medium,6194.25,Closed,76.0,Compliance Officer,False,2,2,2026-02,2026Q1,76.0,31-90 days
NFR-2024146,2026-02-07,2026-02-19,It Operations,SK,"Execution, Delivery & Process Management",Data Entry Error,Data Entry Error incident reported in Treasury unit.,Low,204.76,Closed,8.0,Risk Officer,False,1,12,2026-02,2026Q1,8.0,8-30 days
NFR-2024775,2026-02-08,2026-02-09,Risk Management,HU,Employment Practices & Workplace Safety,Employee Relations Dispute,Employee Relations Dispute incident reported in Corporate Banking unit.,Low,471.51,In Progress,,Customer Service Rep,False,1,1,2026-02,2026Q1,221.0,90+ days
NFR-2024299,2026-02-08,2026-02-12,Retail Banking,CZ,Damage to Physical Assets,Natural Disaster,Natural Disaster incident reported in Payments unit.,High,23033.74,Closed,41.0,IT Support,True,3,4,2026-02,2026Q1,41.0,31-90 days
NFR-2024024,2026-02-08,2026-02-11,Payments,AT,Employment Practices & Workplace Safety,Discrimination Claim,Discrimination Claim incident reported in Risk Management unit.,High,82003.08,Closed,29.0,Compliance Officer,False,3,3,2026-02,2026Q1,29.0,8-30 days
NFR-2024144,2026-02-13,2026-02-13,Payments,CZ,"Execution, Delivery & Process Management",Missed SLA,Missed SLA incident reported in Payments unit.,Medium,4618.22,Closed,57.0,Branch Manager,False,2,0,2026-02,2026Q1,57.0,31-90 days
NFR-2024851,2026-02-13,2026-02-25,Hr,CZ,Business Disruption & System Failures,IT Outage,IT Outage incident reported in Treasury unit.,Low,486.56,In Progress,,IT Support,True,1,12,2026-02,2026Q1,216.0,90+ days
NFR-2024607,2026-02-14,2026-02-16,Payments,RO,Employment Practices & Workplace Safety,Health & Safety Incident,Health & Safety Incident incident reported in Compliance unit.,Low,280.95,Closed,6.0,Branch Manager,True,1,2,2026-02,2026Q1,6.0,0-7 days
NFR-2024332,2026-02-18,2026-02-26,Payments,HU,Internal Fraud,Intentional Mis-reporting,Intentional Mis-reporting incident reported in Treasury unit.,Low,571.63,Closed,60.0,Customer Service Rep,False,1,8,2026-02,2026Q1,60.0,31-90 days
NFR-2024155,2026-02-20,2026-02-27,Corporate Banking,CZ,Employment Practices & Workplace Safety,Employee Relations Dispute,Employee Relations Dispute incident reported in Payments unit.,Medium,9142.73,Closed,99.0,Customer Service Rep,False,2,7,2026-02,2026Q1,99.0,90+ days
NFR-2024592,2026-02-21,2026-02-28,Risk Management,RO,External Fraud,Cyber Theft,Cyber Theft incident reported in HR unit.,Low,679.99,Closed,3.0,Compliance Officer,False,1,7,2026-02,2026Q1,3.0,0-7 days
NFR-2024368,2026-02-22,2026-03-04,Corporate Banking,HR,Employment Practices & Workplace Safety,Employee Relations Dispute,Employee Relations Dispute incident reported in Retail Banking unit.,Medium,6234.05,In Progress,,Customer Service Rep,True,2,10,2026-02,2026Q1,207.0,90+ days
NFR-2024290,2026-02-25,2026-02-27,Treasury,SK,"Clients, Products & Business Practices",Suitability Breach,Suitability Breach incident reported in Retail Banking unit.,Low,620.92,Closed,73.0,Compliance Officer,True,1,2,2026-02,2026Q1,73.0,31-90 days
NFR-2024514,2026-02-27,2026-02-28,Retail Banking,AT,"Execution, Delivery & Process Management",Data Entry Error,Data Entry Error incident reported in Corporate Banking unit.,Low,635.6,In Progress,,Customer Service Rep,True,1,1,2026-02,2026Q1,202.0,90+ days
NFR-2024829,2026-02-27,2026-03-11,Treasury,BG,Internal Fraud,Unauthorized Transactions,Unauthorized Transactions incident reported in Risk Management unit.,Low,510.81,Closed,35.0,Team Lead,True,1,12,2026-02,2026Q1,35.0,31-90 days
NFR-2024393,2026-02-28,2026-03-06,Payments,RS,Employment Practices & Workplace Safety,Discrimination Claim,Discrimination Claim incident reported in Treasury unit.,Low,232.2,Open,,Compliance Officer,False,1,6,2026-02,2026Q1,201.0,90+ days
NFR-2024823,2026-02-28,2026-02-28,Compliance,HR,Business Disruption & System Failures,IT Outage,IT Outage incident reported in Corporate Banking unit.,Low,452.06,Closed,92.0,Team Lead,True,1,0,2026-02,2026Q1,92.0,90+ days
NFR-2024641,2026-03-03,2026-03-07,Retail Banking,SK,"Execution, Delivery & Process Management",Data Entry Error,Data Entry Error incident reported in Payments unit.,Low,1466.07,Closed,52.0,Risk Officer,True,1,4,2026-03,2026Q1,52.0,31-90 days
NFR-2024265,2026-03-05,2026-03-15,Treasury,HR,Damage to Physical Assets,Vandalism,Vandalism incident reported in Payments unit.,Medium,4105.77,Closed,94.0,Team Lead,False,2,10,2026-03,2026Q1,94.0,90+ days
NFR-2024284,2026-03-08,2026-03-11,Treasury,RO,Business Disruption & System Failures,Third-Party Service Outage,Third-Party Service Outage incident reported in Payments unit.,Low,568.83,Open,,Branch Manager,False,1,3,2026-03,2026Q1,193.0,90+ days
NFR-2024802,2026-03-08,2026-03-15,Treasury,SK,"Execution, Delivery & Process Management",Failed Settlement,Failed Settlement incident reported in Retail Banking unit.,Medium,4410.6,Closed,48.0,IT Support,False,2,7,2026-03,2026Q1,48.0,31-90 days
NFR-2024879,2026-03-10,2026-03-22,Treasury,RS,External Fraud,Card Fraud,Card Fraud incident reported in Retail Banking unit.,Low,510.37,Closed,38.0,Team Lead,False,1,12,2026-03,2026Q1,38.0,31-90 days
NFR-2024170,2026-03-11,2026-03-22,Risk Management,HR,"Execution, Delivery & Process Management",Data Entry Error,Data Entry Error incident reported in Treasury unit.,Critical,123103.55,Closed,70.0,Compliance Officer,False,4,11,2026-03,2026Q1,70.0,31-90 days
NFR-2024491,2026-03-12,2026-03-13,It Operations,BG,External Fraud,Phishing / Social Engineering,Phishing / Social Engineering incident reported in Compliance unit.,Critical,2593715.89,In Progress,,Team Lead,True,4,1,2026-03,2026Q1,189.0,90+ days
NFR-2024154,2026-03-13,2026-03-25,Hr,BG,"Clients, Products & Business Practices",GDPR / Data Privacy Breach,GDPR / Data Privacy Breach incident reported in Corporate Banking unit.,Medium,25825.73,Closed,64.0,IT Support,False,2,12,2026-03,2026Q1,64.0,31-90 days
NFR-2024235,2026-03-13,2026-03-21,Corporate Banking,SK,Damage to Physical Assets,Fire / Flood Damage,Fire / Flood Damage incident reported in Retail Banking unit.,Low,689.52,Closed,16.0,IT Support,False,1,8,2026-03,2026Q1,16.0,8-30 days
NFR-2024013,2026-03-13,2026-03-25,Risk Management,RO,Internal Fraud,Misappropriation of Assets,Misappropriation of Assets incident reported in Retail Banking unit.,Low,571.63,Closed,55.0,Customer Service Rep,True,1,12,2026-03,2026Q1,55.0,31-90 days
NFR-2024250,2026-03-15,2026-03-22,Retail Banking,SK,Damage to Physical Assets,Fire / Flood Damage,Fire / Flood Damage incident reported in IT Operations unit.,Medium,4684.21,In Progress,,Compliance Officer,False,2,7,2026-03,2026Q1,186.0,90+ days
NFR-2024439,2026-03-17,2026-03-18,Payments,HU,Business Disruption & System Failures,IT Outage,IT Outage incident reported in Compliance unit.,Low,300.13,In Progress,,IT Support,True,1,1,2026-03,2026Q1,184.0,90+ days
NFR-2024047,2026-03-17,2026-03-25,Retail Banking,RO,"Execution, Delivery & Process Management",Documentation Error,Documentation Error incident reported in Risk Management unit.,Low,986.26,In Progress,,Compliance Officer,True,1,8,2026-03,2026Q1,184.0,90+ days
NFR-2024077,2026-03-18,2026-03-19,Retail Banking,SK,External Fraud,Card Fraud,Card Fraud incident reported in Treasury unit.,Low,679.99,Closed,70.0,Risk Officer,False,1,1,2026-03,2026Q1,70.0,31-90 days
NFR-2024636,2026-03-18,2026-03-18,Compliance,HU,Business Disruption & System Failures,IT Outage,IT Outage incident reported in Payments unit.,Medium,13221.43,In Progress,,IT Support,True,2,0,2026-03,2026Q1,183.0,90+ days
NFR-2024056,2026-03-20,2026-03-26,Corporate Banking,RO,"Clients, Products & Business Practices",Suitability Breach,Suitability Breach incident reported in Compliance unit.,Low,413.61,Open,,Branch Manager,False,1,6,2026-03,2026Q1,181.0,90+ days
NFR-2024076,2026-03-21,2026-03-26,Corporate Banking,RS,Employment Practices & Workplace Safety,Employee Relations Dispute,Employee Relations Dispute incident reported in Retail Banking unit.,Low,420.77,Closed,86.0,Risk Officer,True,1,5,2026-03,2026Q1,86.0,31-90 days
NFR-2024381,2026-03-21,2026-03-31,Hr,RO,Business Disruption & System Failures,IT Outage,IT Outage incident reported in Corporate Banking unit.,Medium,2931.79,Open,,Customer Service Rep,False,2,10,2026-03,2026Q1,180.0,90+ days
NFR-2024865,2026-03-22,2026-03-26,Retail Banking,CZ,"Clients, Products & Business Practices",GDPR / Data Privacy Breach,GDPR / Data Privacy Breach incident reported in Treasury unit.,Low,1119.31,Closed,66.0,Customer Service Rep,False,1,4,2026-03,2026Q1,66.0,31-90 days
NFR-2024474,2026-03-24,2026-03-25,Risk Management,CZ,"Clients, Products & Business Practices",GDPR / Data Privacy Breach,GDPR / Data Privacy Breach incident reported in IT Operations unit.,Medium,10266.37,In Progress,,Team Lead,False,2,1,2026-03,2026Q1,177.0,90+ days
NFR-2024433,2026-03-25,2026-03-31,Corporate Banking,AT,Internal Fraud,Misappropriation of Assets,Misappropriation of Assets incident reported in Compliance unit.,Low,553.32,Closed,80.0,Branch Manager,False,1,6,2026-03,2026Q1,80.0,31-90 days
NFR-2024143,2026-03-25,2026-04-06,Retail Banking,RO,External Fraud,Card Fraud,Card Fraud incident reported in Risk Management unit.,Medium,9421.61,In Progress,,Compliance Officer,False,2,12,2026-03,2026Q1,176.0,90+ days
NFR-2024676,2026-03-27,2026-03-30,It Operations,HU,Damage to Physical Assets,Fire / Flood Damage,Fire / Flood Damage incident reported in Risk Management unit.,Medium,15269.05,Closed,57.0,Branch Manager,False,2,3,2026-03,2026Q1,57.0,31-90 days
NFR-2024029,2026-03-28,2026-04-03,Risk Management,AT,"Clients, Products & Business Practices",GDPR / Data Privacy Breach,GDPR / Data Privacy Breach incident reported in Retail Banking unit.,Medium,3308.25,Closed,108.0,Compliance Officer,True,2,6,2026-03,2026Q1,108.0,90+ days
NFR-2024257,2026-03-28,2026-04-01,Retail Banking,HU,Employment Practices & Workplace Safety,Discrimination Claim,Discrimination Claim incident reported in HR unit.,Medium,4392.79,Closed,102.0,Customer Service Rep,False,2,4,2026-03,2026Q1,102.0,90+ days
NFR-2024315,2026-03-28,2026-04-01,Retail Banking,RO,Business Disruption & System Failures,Network Failure,Network Failure incident reported in IT Operations unit.,Low,212.24,In Progress,,Risk Officer,False,1,4,2026-03,2026Q1,173.0,90+ days
NFR-2024258,2026-03-30,2026-04-08,It Operations,RO,Business Disruption & System Failures,IT Outage,IT Outage incident reported in Corporate Banking unit.,Medium,3155.9,Closed,88.0,Customer Service Rep,False,2,9,2026-03,2026Q1,88.0,31-90 days
NFR-2024785,2026-03-31,2026-04-03,Risk Management,HU,Employment Practices & Workplace Safety,Discrimination Claim,Discrimination Claim incident reported in HR unit.,High,57880.54,In Progress,,Branch Manager,True,3,3,2026-03,2026Q1,170.0,90+ days
NFR-2024479,2026-03-31,2026-04-11,Compliance,CZ,External Fraud,Cyber Theft,Cyber Theft incident reported in Risk Management unit.,Medium,8313.97,Open,,IT Support,False,2,11,2026-03,2026Q1,170.0,90+ days
NFR-2024432,2026-04-01,2026-04-08,Hr,AT,"Execution, Delivery & Process Management",Failed Settlement,Failed Settlement incident reported in IT Operations unit.,Low,912.89,Open,,Team Lead,False,1,7,2026-04,2026Q2,169.0,90+ days
NFR-2024236,2026-04-03,2026-04-14,Corporate Banking,RO,"Clients, Products & Business Practices",GDPR / Data Privacy Breach,GDPR / Data Privacy Breach incident reported in Payments unit.,Low,873.77,Closed,108.0,IT Support,True,1,11,2026-04,2026Q2,108.0,90+ days
NFR-2024857,2026-04-04,2026-04-05,Compliance,AT,Internal Fraud,Intentional Mis-reporting,Intentional Mis-reporting incident reported in Compliance unit.,Low,277.82,Closed,115.0,Team Lead,False,1,1,2026-04,2026Q2,115.0,90+ days
NFR-2024728,2026-04-05,2026-04-05,Compliance,SK,External Fraud,Card Fraud,Card Fraud incident reported in Retail Banking unit.,Medium,9812.51,In Progress,,Risk Officer,False,2,0,2026-04,2026Q2,165.0,90+ days
NFR-2024492,2026-04-05,2026-04-16,Hr,SK,"Execution, Delivery & Process Management",Documentation Error,Documentation Error incident reported in Treasury unit.,Low,554.21,Closed,101.0,Team Lead,False,1,11,2026-04,2026Q2,101.0,90+ days
NFR-2024628,2026-04-06,2026-04-17,Risk Management,AT,Damage to Physical Assets,Fire / Flood Damage,Fire / Flood Damage incident reported in Payments unit.,Low,323.41,Closed,86.0,Branch Manager,True,1,11,2026-04,2026Q2,86.0,31-90 days
NFR-2024594,2026-04-06,2026-04-07,It Operations,BG,Business Disruption & System Failures,Third-Party Service Outage,Third-Party Service Outage incident reported in IT Operations unit.,Medium,2852.05,Closed,93.0,Customer Service Rep,False,2,1,2026-04,2026Q2,93.0,90+ days
NFR-2024505,2026-04-09,2026-04-14,Compliance,RO,External Fraud,Phishing / Social Engineering,Phishing / Social Engineering incident reported in HR unit.,Low,978.49,Closed,76.0,Branch Manager,False,1,5,2026-04,2026Q2,76.0,31-90 days
NFR-2024869,2026-04-10,2026-04-10,Hr,SK,External Fraud,Card Fraud,Card Fraud incident reported in Retail Banking unit.,High,45877.45,Closed,43.0,Compliance Officer,False,3,0,2026-04,2026Q2,43.0,31-90 days
NFR-2024731,2026-04-13,2026-04-19,Payments,AT,"Clients, Products & Business Practices",Mis-selling,Mis-selling incident reported in Corporate Banking unit.,Medium,6614.66,Closed,16.0,Compliance Officer,True,2,6,2026-04,2026Q2,16.0,8-30 days
NFR-2024357,2026-04-14,2026-04-15,Treasury,RO,Business Disruption & System Failures,Network Failure,Network Failure incident reported in Treasury unit.,Low,1182.7,In Progress,,Branch Manager,True,1,1,2026-04,2026Q2,156.0,90+ days
NFR-2024776,2026-04-14,2026-04-17,Retail Banking,HU,Damage to Physical Assets,Fire / Flood Damage,Fire / Flood Damage incident reported in Corporate Banking unit.,Low,221.51,Open,,Branch Manager,False,1,3,2026-04,2026Q2,156.0,90+ days
NFR-2024133,2026-04-15,2026-04-25,It Operations,HU,Employment Practices & Workplace Safety,Health & Safety Incident,Health & Safety Incident incident reported in Treasury unit.,Low,247.37,Closed,18.0,Compliance Officer,False,1,10,2026-04,2026Q2,18.0,8-30 days
NFR-2024890,2026-04-17,2026-04-18,Retail Banking,HU,"Clients, Products & Business Practices",GDPR / Data Privacy Breach,GDPR / Data Privacy Breach incident reported in Corporate Banking unit.,Medium,5591.88,Closed,37.0,Risk Officer,False,2,1,2026-04,2026Q2,37.0,31-90 days
NFR-2024071,2026-04-18,2026-04-28,Corporate Banking,HU,Employment Practices & Workplace Safety,Health & Safety Incident,Health & Safety Incident incident reported in Treasury unit.,Medium,10880.2,Closed,31.0,Risk Officer,False,2,10,2026-04,2026Q2,31.0,31-90 days
NFR-2024318,2026-04-19,2026-04-20,Risk Management,RO,Internal Fraud,Intentional Mis-reporting,Intentional Mis-reporting incident reported in Payments unit.,Low,328.44,Open,,Compliance Officer,True,1,1,2026-04,2026Q2,151.0,90+ days
NFR-2024488,2026-04-19,2026-04-19,Payments,HU,External Fraud,Cyber Theft,Cyber Theft incident reported in Payments unit.,Low,797.77,In Progress,,Customer Service Rep,False,1,0,2026-04,2026Q2,151.0,90+ days
NFR-2024464,2026-04-19,2026-05-01,Hr,CZ,Business Disruption & System Failures,Network Failure,Network Failure incident reported in IT Operations unit.,Medium,5612.98,Closed,98.0,Customer Service Rep,True,2,12,2026-04,2026Q2,98.0,90+ days
NFR-2024427,2026-04-20,2026-04-30,It Operations,BG,Damage to Physical Assets,Natural Disaster,Natural Disaster incident reported in Payments unit.,Low,730.29,Closed,112.0,Customer Service Rep,False,1,10,2026-04,2026Q2,112.0,90+ days
NFR-2024222,2026-04-21,2026-05-01,Treasury,SK,"Execution, Delivery & Process Management",Documentation Error,Documentation Error incident reported in IT Operations unit.,Low,554.21,Open,,IT Support,False,1,10,2026-04,2026Q2,149.0,90+ days
NFR-2024033,2026-04-22,2026-04-29,Compliance,BG,Employment Practices & Workplace Safety,Discrimination Claim,Discrimination Claim incident reported in HR unit.,High,24903.08,Open,,Customer Service Rep,True,3,7,2026-04,2026Q2,148.0,90+ days
NFR-2024818,2026-04-23,2026-04-30,It Operations,CZ,"Execution, Delivery & Process Management",Failed Settlement,Failed Settlement incident reported in IT Operations unit.,High,25032.63,Open,,IT Support,True,3,7,2026-04,2026Q2,147.0,90+ days
NFR-2024748,2026-04-24,2026-04-29,Retail Banking,RO,Employment Practices & Workplace Safety,Discrimination Claim,Discrimination Claim incident reported in Treasury unit.,Low,274.31,Closed,68.0,Team Lead,False,1,5,2026-04,2026Q2,68.0,31-90 days
NFR-2024209,2026-04-24,2026-04-24,Compliance,RS,Internal Fraud,Misappropriation of Assets,Misappropriation of Assets incident reported in Corporate Banking unit.,Low,832.47,In Progress,,Customer Service Rep,False,1,0,2026-04,2026Q2,146.0,90+ days
NFR-2024662,2026-04-27,2026-05-08,Hr,AT,Business Disruption & System Failures,IT Outage,IT Outage incident reported in Risk Management unit.,Low,459.75,Open,,Risk Officer,False,1,11,2026-04,2026Q2,143.0,90+ days
NFR-2024168,2026-04-29,2026-05-11,Retail Banking,AT,External Fraud,Card Fraud,Card Fraud incident reported in HR unit.,High,121000.35,In Progress,,Branch Manager,False,3,12,2026-04,2026Q2,141.0,90+ days
NFR-2024658,2026-04-29,2026-05-04,Treasury,CZ,"Clients, Products & Business Practices",GDPR / Data Privacy Breach,GDPR / Data Privacy Breach incident reported in HR unit.,Low,1601.77,Closed,84.0,Customer Service Rep,True,1,5,2026-04,2026Q2,84.0,31-90 days
NFR-2024055,2026-04-30,2026-05-02,Risk Management,RO,Damage to Physical Assets,Fire / Flood Damage,Fire / Flood Damage incident reported in Compliance unit.,High,90109.06,In Progress,,Branch Manager,True,3,2,2026-04,2026Q2,140.0,90+ days
NFR-2024297,2026-05-03,2026-05-08,Risk Management,SK,Internal Fraud,Unauthorized Transactions,Unauthorized Transactions incident reported in Risk Management unit.,Low,1195.3,Closed,62.0,IT Support,False,1,5,2026-05,2026Q2,62.0,31-90 days
NFR-2024018,2026-05-04,2026-05-09,Hr,RO,Business Disruption & System Failures,IT Outage,IT Outage incident reported in Retail Banking unit.,Medium,8408.64,Closed,19.0,Risk Officer,False,2,5,2026-05,2026Q2,19.0,8-30 days
NFR-2024787,2026-05-06,2026-05-09,Risk Management,RS,Employment Practices & Workplace Safety,Health & Safety Incident,Health & Safety Incident incident reported in Treasury unit.,Low,286.71,Closed,17.0,Compliance Officer,False,1,3,2026-05,2026Q2,17.0,8-30 days
NFR-2024074,2026-05-07,2026-05-12,Treasury,BG,"Clients, Products & Business Practices",Mis-selling,Mis-selling incident reported in Treasury unit.,High,12697.07,Closed,11.0,Compliance Officer,False,3,5,2026-05,2026Q2,11.0,8-30 days
NFR-2024630,2026-05-10,2026-05-16,It Operations,RS,Business Disruption & System Failures,Network Failure,Network Failure incident reported in Treasury unit.,Medium,2314.33,Closed,63.0,Compliance Officer,False,2,6,2026-05,2026Q2,63.0,31-90 days
NFR-2024581,2026-05-10,2026-05-10,Corporate Banking,RS,"Clients, Products & Business Practices",GDPR / Data Privacy Breach,GDPR / Data Privacy Breach incident reported in Payments unit.,Medium,3782.77,Closed,42.0,Customer Service Rep,True,2,0,2026-05,2026Q2,42.0,31-90 days
NFR-2024833,2026-05-13,2026-05-14,Corporate Banking,BG,Employment Practices & Workplace Safety,Health & Safety Incident,Health & Safety Incident incident reported in Compliance unit.,Low,1128.25,Closed,72.0,Risk Officer,True,1,1,2026-05,2026Q2,72.0,31-90 days
NFR-2024192,2026-05-15,2026-05-17,Treasury,BG,Business Disruption & System Failures,Network Failure,Network Failure incident reported in IT Operations unit.,Medium,8457.66,Closed,113.0,Risk Officer,False,2,2,2026-05,2026Q2,113.0,90+ days
NFR-2024186,2026-05-21,2026-05-29,Treasury,HU,Damage to Physical Assets,Vandalism,Vandalism incident reported in Payments unit.,Low,417.87,Closed,4.0,IT Support,False,1,8,2026-05,2026Q2,4.0,0-7 days
NFR-2024691,2026-05-22,2026-05-31,Payments,SK,"Clients, Products & Business Practices",GDPR / Data Privacy Breach,GDPR / Data Privacy Breach incident reported in Corporate Banking unit.,Medium,16966.7,In Progress,,IT Support,False,2,9,2026-05,2026Q2,118.0,90+ days
NFR-2024194,2026-05-24,2026-05-26,Payments,BG,Employment Practices & Workplace Safety,Health & Safety Incident,Health & Safety Incident incident reported in Treasury unit.,Low,875.62,Open,,Customer Service Rep,False,1,2,2026-05,2026Q2,116.0,90+ days
NFR-2024349,2026-05-24,2026-05-30,Retail Banking,HR,Employment Practices & Workplace Safety,Health & Safety Incident,Health & Safety Incident incident reported in Risk Management unit.,Low,762.5,Closed,48.0,Compliance Officer,False,1,6,2026-05,2026Q2,48.0,31-90 days
NFR-2024707,2026-05-26,2026-06-06,Risk Management,SK,"Execution, Delivery & Process Management",Documentation Error,Documentation Error incident reported in Compliance unit.,Low,336.88,Closed,44.0,Customer Service Rep,False,1,11,2026-05,2026Q2,44.0,31-90 days
NFR-2024428,2026-05-26,2026-05-29,It Operations,AT,External Fraud,Phishing / Social Engineering,Phishing / Social Engineering incident reported in IT Operations unit.,High,343583.75,Closed,94.0,Branch Manager,False,3,3,2026-05,2026Q2,94.0,90+ days
NFR-2024477,2026-05-26,2026-06-01,It Operations,CZ,Business Disruption & System Failures,Third-Party Service Outage,Third-Party Service Outage incident reported in Compliance unit.,High,66479.03,Closed,29.0,IT Support,True,3,6,2026-05,2026Q2,29.0,8-30 days
NFR-2024020,2026-05-29,2026-06-05,Risk Management,HU,Internal Fraud,Misappropriation of Assets,Misappropriation of Assets incident reported in Payments unit.,High,43256.62,In Progress,,Branch Manager,False,3,7,2026-05,2026Q2,111.0,90+ days
NFR-2024003,2026-06-01,2026-06-06,Corporate Banking,HU,Employment Practices & Workplace Safety,Employee Relations Dispute,Employee Relations Dispute incident reported in Corporate Banking unit.,Medium,3989.62,Closed,91.0,IT Support,True,2,5,2026-06,2026Q2,91.0,90+ days
NFR-2024838,2026-06-03,2026-06-13,Retail Banking,RO,External Fraud,Cyber Theft,Cyber Theft incident reported in Payments unit.,Critical,554470.32,Closed,53.0,Compliance Officer,True,4,10,2026-06,2026Q2,53.0,31-90 days
NFR-2024725,2026-06-03,2026-06-13,It Operations,AT,"Clients, Products & Business Practices",Suitability Breach,Suitability Breach incident reported in HR unit.,Medium,3133.78,In Progress,,Risk Officer,False,2,10,2026-06,2026Q2,106.0,90+ days
NFR-2024511,2026-06-07,2026-06-19,Corporate Banking,RS,Internal Fraud,Intentional Mis-reporting,Intentional Mis-reporting incident reported in IT Operations unit.,Medium,14167.43,Closed,75.0,Team Lead,True,2,12,2026-06,2026Q2,75.0,31-90 days
NFR-2024762,2026-06-08,2026-06-12,Retail Banking,AT,External Fraud,Card Fraud,Card Fraud incident reported in Payments unit.,Medium,6841.54,In Progress,,Risk Officer,False,2,4,2026-06,2026Q2,101.0,90+ days
NFR-2024252,2026-06-08,2026-06-10,Compliance,RS,"Clients, Products & Business Practices",Suitability Breach,Suitability Breach incident reported in Corporate Banking unit.,Critical,289427.96,Closed,119.0,IT Support,True,4,2,2026-06,2026Q2,119.0,90+ days
NFR-2024120,2026-06-09,2026-06-14,Retail Banking,HU,"Execution, Delivery & Process Management",Failed Settlement,Failed Settlement incident reported in Corporate Banking unit.,Medium,14066.9,In Progress,,Risk Officer,False,2,5,2026-06,2026Q2,100.0,90+ days
NFR-2024842,2026-06-09,2026-06-19,Payments,RO,External Fraud,Phishing / Social Engineering,Phishing / Social Engineering incident reported in IT Operations unit.,Low,302.94,Closed,85.0,IT Support,True,1,10,2026-06,2026Q2,85.0,31-90 days
NFR-2024703,2026-06-10,2026-06-20,Corporate Banking,CZ,"Execution, Delivery & Process Management",Documentation Error,Documentation Error incident reported in Corporate Banking unit.,Medium,6640.19,Closed,78.0,Team Lead,False,2,10,2026-06,2026Q2,78.0,31-90 days
NFR-2024416,2026-06-10,2026-06-10,It Operations,HR,Internal Fraud,Intentional Mis-reporting,Intentional Mis-reporting incident reported in Risk Management unit.,Low,322.43,Closed,74.0,Customer Service Rep,False,1,0,2026-06,2026Q2,74.0,31-90 days
NFR-2024661,2026-06-12,2026-06-14,Corporate Banking,AT,Internal Fraud,Intentional Mis-reporting,Intentional Mis-reporting incident reported in HR unit.,High,44553.59,In Progress,,Customer Service Rep,False,3,2,2026-06,2026Q2,97.0,90+ days
NFR-2024049,2026-06-14,2026-06-21,Risk Management,SK,Damage to Physical Assets,Vandalism,Vandalism incident reported in Treasury unit.,High,26312.05,Open,,Compliance Officer,False,3,7,2026-06,2026Q2,95.0,90+ days
NFR-2024343,2026-06-14,2026-06-17,Retail Banking,SK,Business Disruption & System Failures,IT Outage,IT Outage incident reported in HR unit.,Medium,5159.84,Closed,81.0,IT Support,True,2,3,2026-06,2026Q2,81.0,31-90 days
NFR-2024243,2026-06-16,2026-06-24,It Operations,RS,Internal Fraud,Intentional Mis-reporting,Intentional Mis-reporting incident reported in Payments unit.,Critical,369783.99,Closed,74.0,Team Lead,False,4,8,2026-06,2026Q2,74.0,31-90 days
NFR-2024287,2026-06-17,2026-06-17,Hr,AT,Internal Fraud,Misappropriation of Assets,Misappropriation of Assets incident reported in Retail Banking unit.,Medium,2828.7,Closed,32.0,IT Support,False,2,0,2026-06,2026Q2,32.0,31-90 days
NFR-2024092,2026-06-18,2026-06-30,Treasury,SK,Business Disruption & System Failures,Third-Party Service Outage,Third-Party Service Outage incident reported in Retail Banking unit.,Low,1014.8,Closed,76.0,IT Support,True,1,12,2026-06,2026Q2,76.0,31-90 days
NFR-2024366,2026-06-20,2026-06-21,Hr,AT,"Execution, Delivery & Process Management",Data Entry Error,Data Entry Error incident reported in IT Operations unit.,Critical,642395.79,Closed,41.0,Compliance Officer,True,4,1,2026-06,2026Q2,41.0,31-90 days
NFR-2024072,2026-06-22,2026-07-01,Compliance,HR,Damage to Physical Assets,Vandalism,Vandalism incident reported in Corporate Banking unit.,Medium,4584.37,Closed,80.0,IT Support,False,2,9,2026-06,2026Q2,80.0,31-90 days
NFR-2024231,2026-06-22,2026-06-24,Corporate Banking,RO,"Clients, Products & Business Practices",Suitability Breach,Suitability Breach incident reported in Treasury unit.,Low,288.55,Closed,30.0,Branch Manager,False,1,2,2026-06,2026Q2,30.0,8-30 days
NFR-2024050,2026-06-27,2026-07-09,Retail Banking,HU,"Clients, Products & Business Practices",GDPR / Data Privacy Breach,GDPR / Data Privacy Breach incident reported in IT Operations unit.,Medium,6491.7,Closed,70.0,Customer Service Rep,False,2,12,2026-06,2026Q2,70.0,31-90 days
NFR-2024333,2026-06-30,2026-07-12,Retail Banking,SK,Employment Practices & Workplace Safety,Health & Safety Incident,Health & Safety Incident incident reported in Retail Banking unit.,Medium,4913.77,Closed,14.0,Risk Officer,False,2,12,2026-06,2026Q2,14.0,8-30 days
NFR-2024026,2026-07-01,2026-07-08,Hr,BG,Damage to Physical Assets,Vandalism,Vandalism incident reported in Risk Management unit.,Critical,325192.37,Closed,93.0,Customer Service Rep,True,4,7,2026-07,2026Q3,93.0,90+ days
NFR-2024363,2026-07-02,2026-07-04,Payments,RS,Damage to Physical Assets,Natural Disaster,Natural Disaster incident reported in HR unit.,Medium,6894.51,Open,,Customer Service Rep,False,2,2,2026-07,2026Q3,77.0,31-90 days
NFR-2024177,2026-07-03,2026-07-10,Treasury,RS,Employment Practices & Workplace Safety,Employee Relations Dispute,Employee Relations Dispute incident reported in Corporate Banking unit.,Critical,324420.37,Closed,56.0,Customer Service Rep,False,4,7,2026-07,2026Q3,56.0,31-90 days
NFR-2024683,2026-07-03,2026-07-14,Payments,HU,External Fraud,Cyber Theft,Cyber Theft incident reported in Corporate Banking unit.,High,173873.02,Closed,20.0,IT Support,False,3,11,2026-07,2026Q3,20.0,8-30 days
NFR-2024189,2026-07-05,2026-07-11,It Operations,RO,Business Disruption & System Failures,Third-Party Service Outage,Third-Party Service Outage incident reported in HR unit.,Low,545.78,Closed,59.0,Customer Service Rep,False,1,6,2026-07,2026Q3,59.0,31-90 days
NFR-2024807,2026-07-07,2026-07-17,Compliance,BG,Internal Fraud,Unauthorized Transactions,Unauthorized Transactions incident reported in HR unit.,High,54208.22,Closed,38.0,Team Lead,False,3,10,2026-07,2026Q3,38.0,31-90 days
NFR-2024408,2026-07-08,2026-07-15,Compliance,BG,"Clients, Products & Business Practices",GDPR / Data Privacy Breach,GDPR / Data Privacy Breach incident reported in Retail Banking unit.,High,111342.43,Closed,67.0,Branch Manager,True,3,7,2026-07,2026Q3,67.0,31-90 days
NFR-2024052,2026-07-09,2026-07-21,Treasury,HR,"Clients, Products & Business Practices",GDPR / Data Privacy Breach,GDPR / Data Privacy Breach incident reported in IT Operations unit.,Medium,8973.97,Closed,37.0,IT Support,False,2,12,2026-07,2026Q3,37.0,31-90 days
NFR-2024812,2026-07-09,2026-07-14,Risk Management,RO,Internal Fraud,Intentional Mis-reporting,Intentional Mis-reporting incident reported in Compliance unit.,Medium,6113.25,Closed,48.0,Risk Officer,False,2,5,2026-07,2026Q3,48.0,31-90 days
NFR-2024468,2026-07-11,2026-07-12,Hr,RS,"Clients, Products & Business Practices",GDPR / Data Privacy Breach,GDPR / Data Privacy Breach incident reported in IT Operations unit.,Medium,7009.99,Closed,25.0,Compliance Officer,False,2,1,2026-07,2026Q3,25.0,8-30 days
NFR-2024054,2026-07-14,2026-07-24,Risk Management,HR,"Execution, Delivery & Process Management",Failed Settlement,Failed Settlement incident reported in Corporate Banking unit.,Medium,9352.84,Closed,40.0,Compliance Officer,True,2,10,2026-07,2026Q3,40.0,31-90 days
NFR-2024735,2026-07-15,2026-07-27,Retail Banking,HR,Damage to Physical Assets,Fire / Flood Damage,Fire / Flood Damage incident reported in Treasury unit.,Medium,1452.46,Closed,53.0,Branch Manager,False,2,12,2026-07,2026Q3,53.0,31-90 days
NFR-2024279,2026-07-16,2026-07-26,Treasury,HU,Business Disruption & System Failures,IT Outage,IT Outage incident reported in IT Operations unit.,Low,218.5,Closed,33.0,IT Support,False,1,10,2026-07,2026Q3,33.0,31-90 days
NFR-2024017,2026-07-18,2026-07-18,Hr,AT,Damage to Physical Assets,Vandalism,Vandalism incident reported in Treasury unit.,Low,605.37,Open,,Customer Service Rep,False,1,0,2026-07,2026Q3,61.0,31-90 days
NFR-2024273,2026-07-18,2026-07-19,Retail Banking,RS,Business Disruption & System Failures,Third-Party Service Outage,Third-Party Service Outage incident reported in Retail Banking unit.,Medium,9600.65,Closed,39.0,Compliance Officer,False,2,1,2026-07,2026Q3,39.0,31-90 days
NFR-2024870,2026-07-18,2026-07-24,Payments,HR,Damage to Physical Assets,Natural Disaster,Natural Disaster incident reported in Retail Banking unit.,Critical,133070.68,Closed,113.0,Branch Manager,False,4,6,2026-07,2026Q3,113.0,90+ days
NFR-2024283,2026-07-19,2026-07-31,Treasury,CZ,Damage to Physical Assets,Natural Disaster,Natural Disaster incident reported in Treasury unit.,Low,1354.35,Open,,Compliance Officer,False,1,12,2026-07,2026Q3,60.0,31-90 days
NFR-2024603,2026-07-20,2026-07-26,Treasury,RO,External Fraud,Cyber Theft,Cyber Theft incident reported in Corporate Banking unit.,Low,332.64,Closed,86.0,Risk Officer,False,1,6,2026-07,2026Q3,86.0,31-90 days
NFR-2024215,2026-07-22,2026-08-01,Compliance,HU,Damage to Physical Assets,Vandalism,Vandalism incident reported in Payments unit.,High,38647.04,Closed,83.0,Customer Service Rep,True,3,10,2026-07,2026Q3,83.0,31-90 days
NFR-2024182,2026-07-25,2026-08-06,Hr,HR,Employment Practices & Workplace Safety,Health & Safety Incident,Health & Safety Incident incident reported in Risk Management unit.,High,82451.17,Open,,Compliance Officer,True,3,12,2026-07,2026Q3,54.0,31-90 days
NFR-2024242,2026-07-25,2026-08-03,It Operations,HU,Employment Practices & Workplace Safety,Employee Relations Dispute,Employee Relations Dispute incident reported in HR unit.,High,55499.39,In Progress,,Compliance Officer,False,3,9,2026-07,2026Q3,54.0,31-90 days
NFR-2024255,2026-07-26,2026-07-31,It Operations,SK,Internal Fraud,Intentional Mis-reporting,Intentional Mis-reporting incident reported in Treasury unit.,Low,593.86,Closed,60.0,Customer Service Rep,False,1,5,2026-07,2026Q3,60.0,31-90 days
NFR-2024585,2026-07-28,2026-08-01,Compliance,HU,Internal Fraud,Intentional Mis-reporting,Intentional Mis-reporting incident reported in Retail Banking unit.,Medium,2202.66,Closed,5.0,Customer Service Rep,True,2,4,2026-07,2026Q3,5.0,0-7 days
NFR-2024022,2026-07-31,2026-08-05,Corporate Banking,RO,"Clients, Products & Business Practices",Mis-selling,Mis-selling incident reported in HR unit.,High,38768.86,Closed,85.0,Team Lead,True,3,5,2026-07,2026Q3,85.0,31-90 days
NFR-2024467,2026-08-01,2026-08-06,Retail Banking,SK,External Fraud,Card Fraud,Card Fraud incident reported in Risk Management unit.,Medium,7066.0,Closed,87.0,Customer Service Rep,False,2,5,2026-08,2026Q3,87.0,31-90 days
NFR-2024389,2026-08-03,2026-08-13,Retail Banking,AT,"Clients, Products & Business Practices",Mis-selling,Mis-selling incident reported in Retail Banking unit.,Medium,6748.34,Closed,57.0,Compliance Officer,False,2,10,2026-08,2026Q3,57.0,31-90 days
NFR-2024845,2026-08-04,2026-08-12,Risk Management,AT,Damage to Physical Assets,Fire / Flood Damage,Fire / Flood Damage incident reported in Retail Banking unit.,Medium,2820.55,Closed,81.0,Team Lead,False,2,8,2026-08,2026Q3,81.0,31-90 days
NFR-2024780,2026-08-05,2026-08-13,It Operations,BG,Business Disruption & System Failures,Third-Party Service Outage,Third-Party Service Outage incident reported in Risk Management unit.,Low,387.84,Closed,7.0,IT Support,False,1,8,2026-08,2026Q3,7.0,0-7 days
NFR-2024337,2026-08-07,2026-08-16,Retail Banking,AT,"Clients, Products & Business Practices",Suitability Breach,Suitability Breach incident reported in Risk Management unit.,Low,1136.62,Closed,117.0,Compliance Officer,False,1,9,2026-08,2026Q3,117.0,90+ days
NFR-2024526,2026-08-09,2026-08-09,Corporate Banking,AT,External Fraud,Cyber Theft,Cyber Theft incident reported in Risk Management unit.,Low,353.83,In Progress,,IT Support,True,1,0,2026-08,2026Q3,39.0,31-90 days
NFR-2024080,2026-08-10,2026-08-10,Compliance,CZ,External Fraud,Phishing / Social Engineering,Phishing / Social Engineering incident reported in Retail Banking unit.,High,56902.48,Closed,51.0,Customer Service Rep,False,3,0,2026-08,2026Q3,51.0,31-90 days
NFR-2024654,2026-08-10,2026-08-18,Compliance,BG,Employment Practices & Workplace Safety,Employee Relations Dispute,Employee Relations Dispute incident reported in Risk Management unit.,Low,186.65,Open,,Customer Service Rep,False,1,8,2026-08,2026Q3,38.0,31-90 days
NFR-2024019,2026-08-10,2026-08-13,Treasury,AT,Damage to Physical Assets,Fire / Flood Damage,Fire / Flood Damage incident reported in Compliance unit.,Low,819.5,Closed,103.0,Customer Service Rep,False,1,3,2026-08,2026Q3,103.0,90+ days
NFR-2024835,2026-08-11,2026-08-19,Corporate Banking,CZ,Business Disruption & System Failures,IT Outage,IT Outage incident reported in Compliance unit.,High,40390.81,Closed,110.0,Team Lead,True,3,8,2026-08,2026Q3,110.0,90+ days
NFR-2024162,2026-08-12,2026-08-18,Compliance,AT,Damage to Physical Assets,Natural Disaster,Natural Disaster incident reported in Retail Banking unit.,Low,766.56,Open,,Customer Service Rep,False,1,6,2026-08,2026Q3,36.0,31-90 days
NFR-2024134,2026-08-12,2026-08-21,Treasury,AT,"Execution, Delivery & Process Management",Documentation Error,Documentation Error incident reported in Risk Management unit.,Low,890.26,In Progress,,IT Support,False,1,9,2026-08,2026Q3,36.0,31-90 days
NFR-2024631,2026-08-13,2026-08-24,Risk Management,HU,External Fraud,Phishing / Social Engineering,Phishing / Social Engineering incident reported in IT Operations unit.,Low,679.99,Closed,26.0,Branch Manager,False,1,11,2026-08,2026Q3,26.0,8-30 days
NFR-2024480,2026-08-14,2026-08-26,Retail Banking,SK,"Execution, Delivery & Process Management",Failed Settlement,Failed Settlement incident reported in HR unit.,High,16349.17,In Progress,,Risk Officer,False,3,12,2026-08,2026Q3,34.0,31-90 days
NFR-2024844,2026-08-14,2026-08-16,Compliance,CZ,External Fraud,Cyber Theft,Cyber Theft incident reported in IT Operations unit.,Medium,12755.92,Open,,Risk Officer,False,2,2,2026-08,2026Q3,34.0,31-90 days
NFR-2024122,2026-08-15,2026-08-24,It Operations,HR,External Fraud,Card Fraud,Card Fraud incident reported in Payments unit.,Low,698.54,Closed,54.0,Customer Service Rep,True,1,9,2026-08,2026Q3,54.0,31-90 days
NFR-2024310,2026-08-17,2026-08-23,Compliance,AT,Business Disruption & System Failures,Network Failure,Network Failure incident reported in HR unit.,High,28569.16,Closed,118.0,Branch Manager,True,3,6,2026-08,2026Q3,118.0,90+ days
NFR-2024660,2026-08-17,2026-08-28,Treasury,AT,"Execution, Delivery & Process Management",Failed Settlement,Failed Settlement incident reported in Risk Management unit.,Low,437.83,Closed,42.0,Compliance Officer,False,1,11,2026-08,2026Q3,42.0,31-90 days
NFR-2024253,2026-08-19,2026-08-24,Risk Management,SK,Employment Practices & Workplace Safety,Health & Safety Incident,Health & Safety Incident incident reported in Treasury unit.,High,100053.81,Closed,67.0,Customer Service Rep,False,3,5,2026-08,2026Q3,67.0,31-90 days
NFR-2024635,2026-08-21,2026-08-21,Compliance,BG,Business Disruption & System Failures,Third-Party Service Outage,Third-Party Service Outage incident reported in Corporate Banking unit.,High,56763.6,In Progress,,Branch Manager,False,3,0,2026-08,2026Q3,27.0,8-30 days
NFR-2024359,2026-08-22,2026-08-26,Compliance,HU,Internal Fraud,Unauthorized Transactions,Unauthorized Transactions incident reported in Corporate Banking unit.,High,18800.36,Closed,45.0,Branch Manager,False,3,4,2026-08,2026Q3,45.0,31-90 days
NFR-2024303,2026-08-23,2026-09-03,Payments,RO,Damage to Physical Assets,Vandalism,Vandalism incident reported in Compliance unit.,Low,522.49,Closed,74.0,Branch Manager,False,1,11,2026-08,2026Q3,74.0,31-90 days
NFR-2024686,2026-08-25,2026-09-01,Hr,RS,"Clients, Products & Business Practices",GDPR / Data Privacy Breach,GDPR / Data Privacy Breach incident reported in Corporate Banking unit.,Medium,12911.09,Open,,Customer Service Rep,True,2,7,2026-08,2026Q3,23.0,8-30 days
NFR-2024489,2026-08-25,2026-08-29,Treasury,CZ,External Fraud,Phishing / Social Engineering,Phishing / Social Engineering incident reported in IT Operations unit.,Medium,4229.15,Closed,89.0,Customer Service Rep,False,2,4,2026-08,2026Q3,89.0,31-90 days
NFR-2024452,2026-08-26,2026-08-26,Treasury,RO,Damage to Physical Assets,Natural Disaster,Natural Disaster incident reported in Corporate Banking unit.,Low,1042.07,In Progress,,Risk Officer,False,1,0,2026-08,2026Q3,22.0,8-30 days
NFR-2024864,2026-08-26,2026-09-07,Retail Banking,HU,Business Disruption & System Failures,Network Failure,Network Failure incident reported in Compliance unit.,Low,297.24,Closed,38.0,IT Support,True,1,12,2026-08,2026Q3,38.0,31-90 days
NFR-2024424,2026-08-26,2026-08-26,Risk Management,HR,"Execution, Delivery & Process Management",Missed SLA,Missed SLA incident reported in Risk Management unit.,High,101043.44,Closed,97.0,Customer Service Rep,True,3,0,2026-08,2026Q3,97.0,90+ days
NFR-2024102,2026-08-28,2026-09-08,Retail Banking,RS,"Execution, Delivery & Process Management",Failed Settlement,Failed Settlement incident reported in Payments unit.,Low,331.84,Open,,Compliance Officer,False,1,11,2026-08,2026Q3,20.0,8-30 days
NFR-2024699,2026-08-29,2026-09-02,Hr,SK,External Fraud,Phishing / Social Engineering,Phishing / Social Engineering incident reported in Treasury unit.,Low,1467.89,Open,,Branch Manager,False,1,4,2026-08,2026Q3,19.0,8-30 days
NFR-2024030,2026-09-01,2026-09-07,Corporate Banking,AT,Employment Practices & Workplace Safety,Health & Safety Incident,Health & Safety Incident incident reported in Compliance unit.,Low,471.51,In Progress,,Customer Service Rep,True,1,6,2026-09,2026Q3,16.0,8-30 days
